Ticker,Industry,Score,IV0,GP_EV,PB,NCAV,GPOA,REV_G,IE_G,OMGN,Beta,Performance
MRNO,65,0.023373515204363437,-231.9216,2.1372,-281.312,-203.5865,3.4465,154.6482,33.5406,,0.4423,-0.738
AISP,33,0.02215017466805985,-106.9843,9.3598,999999.0,-143.6325,999999.0,90.0025,,,0.5703,0.1679
LUNR,66,0.02142089429286322,-232.6972,0.1687,-21309.8132,-106.482,999999.0,186.6086,,,0.8578,0.4473
ATAT,65,0.02102947553901941,-71.7099,3.7854,-2904.5725,-99.0725,999999.0,56.0328,-42.998,23.0149,,0.3089
NEOV,66,0.02100740741936649,-141.9519,2.0122,-2498.0388,-95.8984,29.5337,218.5862,36.6823,,0.9646,0.9437
ASPI,74,0.02091911402249001,-135.8773,0.4583,-726.7873,-93.1117,6.3755,857.0386,-171.7192,,,1.1008
CDZI,147,0.020800405875955524,-179.573,0.8797,-656.7755,-133.1136,3.143,382.5716,15.0274,,1.3014,0.8547
RCT,105,0.02019659242258577,-536.7921,19.2109,999999.0,-208.7795,755.7872,134.7564,,,,0.1083
AMPX,66,0.020165462226623646,-164.6937,-7.0744,-464.5594,-94.248,-132.2204,168.081,-16.1739,,,3.529
SRFM,143,0.019615373661260236,-1040.5435,1.1752,999999.0,-579.4182,999999.0,97.3804,,,,0.5371
ENGS,50,0.019574076595243087,-89.6899,4.6118,-1198.7191,-90.8604,999999.0,59.8763,,,,0.7894
RSI,133,0.019475246749248516,-54.2882,35.021,-518.9269,-88.0417,999999.0,33.7001,-19.3747,2.6306,1.448,0.4987
SOUN,33,0.019208533034325646,-114.7253,1.289,-1866.2994,-103.1771,999999.0,84.6249,-548.4415,,,1.0098
LWLG,40,0.018650297435962533,-188.4398,0.0922,-368.9026,-80.4277,1.5325,136.0501,8.2613,,1.6944,3.596
EU,103,0.017941745534249532,-276.8548,-3.1955,-74.2025,-93.2588,-2.6217,163.3827,-21.5967,,1.7397,1.4685
LEU,84,0.017119933920508222,5.3254,20.6264,-654.5043,-88.4983,999999.0,38.0387,-399.6904,10.9276,1.8221,5.13
SPOT,22,0.016840021729898364,-76.9841,5.0624,-1795.9022,-97.9672,999999.0,18.3136,-118.9853,8.7092,1.3028,0.1773
OS,33,0.016833365499081935,-136.8359,8.9506,-795.1201,-89.1051,999999.0,30.536,-360.8809,,,-0.1917
RBLX,33,0.016107612470630545,-111.6242,7.0653,-19677.5883,-107.8682,999999.0,28.6755,-204.0451,,1.4121,0.9479
GTLB,33,0.015990197037791025,-98.4274,9.6647,-964.551,-90.4104,999999.0,30.9262,-35.4414,,1.57,-0.0062
CPNG,27,0.015989294932060066,-72.724,24.4237,-987.4327,-104.4193,999999.0,12.4535,-0.3179,1.8269,1.0656,0.4131
GENK,127,0.015788487279935176,-44.4252,63.7394,999999.0,-749.6552,999999.0,15.1226,,0.2284,,-0.4384
ENVX,66,0.015253121526256208,-175.6142,-0.15,-582.9793,-98.1332,-1.3125,201.8577,4.481,,2.4507,0.5426
KOPN,132,0.014979869858819626,-147.5921,12.3988,-643.7424,-88.9827,999999.0,24.61,21.1032,,2.172,2.6563
IHG,65,0.014966228865620407,-47.3281,7.5089,999999.0,-130.3474,999999.0,6.4663,,21.1456,0.9754,0.1384
LI,9,0.014833846621422656,-46.8378,11.3824,-511.0349,-88.8997,999999.0,15.1656,-17.7385,5.0666,1.1208,-0.1969
BRZE,33,0.01475619642065768,-105.0882,12.5842,-794.8273,-93.2681,999999.0,25.7758,-6.8232,,1.5968,-0.2523
DIBS,27,0.014561716240399359,-120.2733,999999.0,-103.5456,-34.6371,999999.0,4.2192,26.0507,,0.9676,0.3554
VRSN,45,0.014528148714649611,-59.2217,5.393,999999.0,-111.1846,999999.0,4.3065,,67.9466,0.8779,-0.0685
PLTR,33,0.014484904735748743,-95.6111,1.1533,-4014.7486,-97.6448,999999.0,28.7861,-43.0625,10.8324,1.8375,1.2558
ARLO,37,0.014387749329436107,-102.6598,22.8643,-962.7725,-91.94,999999.0,4.0128,2.2919,,1.4105,0.9917
NSP,116,0.014319479626479862,56.0524,40.9629,-3354.8236,-109.4648,999999.0,1.4163,-3.1915,0.2674,1.1436,-0.5089
WK,33,0.01429384231627771,-108.7371,13.4018,999999.0,-107.9381,999999.0,17.2435,,,1.2326,0.1264
TEAM,33,0.014118896851708711,-97.7515,7.5867,-4376.8341,-101.0685,999999.0,20.2112,-30.2854,,1.446,-0.2759
DCBO,33,0.013989020003318678,-64.4692,21.0098,-1607.5817,-97.7073,999999.0,19.9581,-13.8799,8.7157,1.4652,-0.1655
QXO,120,0.013824320316749295,-30.6074,1.574,-119.2744,-16.2409,999999.0,4.3216,-67533.5029,,1.3539,0.2262
QSI,66,0.013697007557167044,-311.1381,999999.0,-95.2909,-8.1411,27.5056,182.6248,20.6904,,2.8528,0.6789
BYRN,66,0.013674691239837574,-73.15,14.6561,-709.5997,-90.6615,184.2855,101.0975,-28.4742,7.779,0.8418,0.1756
BKNG,143,0.013539836112331309,-45.8557,,999999.0,-106.947,999999.0,11.1116,,31.8253,1.1263,0.1127
WINA,105,0.013222529082738962,-63.7921,6.558,999999.0,-105.4861,999999.0,-2.5997,,66.8677,1.0164,0.2575
MTRX,50,0.012387700883153123,-79.3682,32.2643,-243.5719,-109.6141,999999.0,5.6402,13.0745,,1.1663,0.1938
TZOO,2,0.012080320074938556,24.5254,50.6256,-3613.6026,-111.7304,999999.0,-0.6807,50.9963,22.0472,1.4223,-0.3847
UIS,45,0.011824287206706327,493.3663,130.7299,999999.0,-431.7516,999999.0,-0.3473,,9.5101,1.3125,-0.2259
COUR,33,0.011176913296904498,-85.2165,104.817,-180.8559,-52.06,999999.0,9.266,3.0468,,1.5855,0.2422
UUUU,84,0.011018041602752679,-114.0451,3.5043,-140.8702,-79.1237,5.3845,105.9534,-40.2083,,1.5165,4.4403
QBTS,45,0.010798189509838775,-113.3715,0.3075,-3123.6052,-97.4741,999999.0,-0.3214,,,1.579,3.706
SOGP,34,0.01070745816051817,-99.5238,4.0544,-6621.4755,-98.6833,999999.0,-1.9291,26.105,,1.2805,6.3527
DOMO,33,0.009230010933252574,-222.2485,58.0486,999999.0,-175.4487,999999.0,-0.6097,,,1.5286,0.7145
WULF,45,0.008944452158736406,-150.7499,5.6447,-470.1466,-122.6723,16.9133,102.3011,-9.8684,,1.9918,3.8658
JMIA,27,0.005115862999456725,-129.7969,24.6122,-624.4773,-88.207,999999.0,-9.9562,-25.5544,,2.6039,4.3364
DE,66,0.0,-72.0743,10.6014,-554.5054,-105.2926,24.4891,-16.1499,-4.7473,22.6197,0.9675,0.0239
CRUS,132,0.0,-4.9573,21.8474,-264.4258,-82.7315,73.5806,5.9918,-7.2886,21.6425,1.2796,0.3433
AZZ,67,0.0,-39.9382,11.0777,-249.0327,-130.6921,20.1796,2.6116,-11.8786,14.9811,1.2546,0.1489
SWKS,132,0.0,-31.8249,17.9367,-160.3693,-83.8193,29.832,-12.4549,-4.1758,18.8463,1.6575,0.2711
CSW,62,0.0,-57.2226,8.0747,-464.7062,-93.9127,45.3863,10.7791,-72.0156,20.6362,1.15,-0.1931
HLIT,121,0.0,-13.6336,31.6098,-243.1258,-95.7043,74.4174,11.649,-6.4971,13.5287,1.2967,0.0712
DECK,134,0.0,-12.6626,18.2273,-705.1581,-89.4445,462.5757,16.2754,-19.2432,23.6499,1.424,-0.2989
ORLY,8,0.0,-64.5223,9.8505,999999.0,-112.6538,212.8127,5.6679,,19.4581,0.7678,0.0006
RH,105,0.0,-83.3647,19.5146,999999.0,-171.746,58.5242,5.0056,,10.1418,1.9309,-0.2608
NICE,33,0.0,-27.2081,20.6884,-276.8262,-90.566,74.8182,15.0479,-7.4128,19.9598,1.3301,-0.151
PLTK,45,0.0,38.379,49.9236,999999.0,-250.4413,109.0418,-0.6895,,18.0638,1.2579,-0.2696
SVM,114,0.0,56.3933,17.1866,-101.588,-90.3891,21.4877,38.9001,-39.5939,34.5479,1.21,0.6653
HWM,81,0.0,-72.1161,3.567,-1190.5344,-104.3418,27.8439,11.8976,-12.8065,22.0592,1.2804,0.5216
K,107,0.0,-61.4718,13.6866,-722.6115,-127.1605,50.8902,-2.8426,-15.2271,14.6913,0.4807,0.0222
WTRG,147,0.0,-100.2039,6.6661,-171.6576,-205.8935,8.7983,1.5721,-5.1326,36.3196,0.8383,0.0117
ENTG,111,0.0,-101.0855,8.9688,-350.1215,-123.043,20.2457,-8.0228,-8.2999,13.4245,1.6484,0.0277
IDR,114,0.0,-50.8007,6.3748,-513.6234,-95.8991,38.9325,88.6643,-96.7964,32.7066,0.6896,0.961
DHI,63,0.0,43.9305,22.1038,-159.6411,-40.6545,35.0235,3.7817,-11.6108,16.1295,1.1894,0.1655
TMHC,63,0.0,82.7799,25.0707,-106.6568,-29.3726,26.4156,10.1149,-10.2375,14.8591,1.2005,-0.0241
SDHC,63,0.0,8.2834,19.5634,-248.287,-65.2397,66.8216,27.573,-92.3031,12.2157,,-0.0956
GIB,116,0.0,-26.4927,7.2771,-339.2243,-106.9692,22.6854,2.6566,-13.4495,16.465,0.9602,-0.1564
OTEX,45,0.0,-51.336,31.8632,-165.2833,-215.3401,40.8029,-10.4197,6.4075,20.0948,1.2578,0.4997
HON,3,0.0,-57.5465,9.1866,-724.9815,-119.2911,37.3012,5.0079,-16.544,19.8971,0.9292,-0.0042
HEI,3,0.0,-80.1813,3.7915,-1013.6749,-104.6815,26.0505,29.9708,-15.7918,21.3718,1.0475,0.1619
ULH,144,0.0,114.6657,21.9784,-109.5928,-199.5696,22.9704,11.0638,-21.5756,11.2041,1.3765,-0.3724
BCPC,74,0.0,-68.0692,6.021,-473.3779,-101.9464,26.0544,3.3872,-9.1016,19.1792,0.9272,-0.0816
KHC,107,0.0,-24.339,16.7207,-70.8748,-187.8859,13.2154,-2.9805,0.7984,20.7073,0.6378,-0.1582
PRGS,33,0.0,-89.6038,15.7083,-582.8359,-165.1782,33.7268,8.4917,4.5522,20.8661,1.131,-0.2784
SB,75,0.0,104.1085,17.6249,-46.1787,-203.9185,11.2781,8.9908,-4.9346,35.3407,0.8677,0.268
SAP,33,0.0,-68.4,9.249,-592.6879,-102.5138,57.307,9.5139,-5.5338,22.8464,1.0833,-0.0252
NWSA,93,0.0,-35.7324,,-162.3957,-105.1484,,3.1608,-4.1949,12.2048,0.9543,-0.034
GDDY,45,0.0,-71.8143,10.3611,-3682.7112,-121.8628,85.9657,7.501,-1012.701,20.3993,1.0687,-0.2909
A,18,0.0,-69.7658,10.0986,-558.56,-105.0237,44.4151,-4.7271,-0.9068,22.8571,1.1333,0.2448
CP,122,0.0,-62.5781,4.421,-192.8084,-137.395,7.3177,15.8582,-15.2767,35.6043,0.985,0.0078
WMG,133,0.0,-57.836,15.829,-2359.123,-135.8702,76.8711,6.4436,-56.9767,15.0638,0.9249,0.0187
SJM,107,0.0,-20.7784,16.9492,-203.2347,-173.4981,24.7233,6.693,20.9426,18.9604,0.5305,-0.1181
TGNA,22,0.0,95.8121,24.9366,-98.9595,-196.5383,24.8852,6.72,-11.0639,25.7187,0.8721,0.0523
FIZZ,13,0.0,-33.525,11.9652,-879.2732,-94.8285,177.46,0.8106,20.6453,19.5995,0.6811,-0.2224
TME,22,0.0,-69.5437,4.0949,-449.2936,-95.5633,24.9259,2.3386,-21.8943,26.1927,1.028,0.5584
BUD,13,0.0,-30.7905,17.4254,-135.9441,-178.7328,22.4392,0.6534,4.2902,25.3463,0.8501,0.0057
BBWI,28,0.0,24.6649,32.4165,999999.0,-163.8342,177.0115,-1.6422,,17.3259,1.3791,-0.2046
GNTX,10,0.0,-5.494,15.3907,-212.8387,-84.8245,34.789,0.6132,-6.9008,20.2563,1.0265,0.0213
SNPS,33,0.0,-71.5896,7.6783,-749.0222,-94.7589,97.8699,15.2204,-45.905,22.1253,1.5168,0.0383
EMR,37,0.0,-68.4734,12.1639,-229.2778,-108.0035,28.11,15.3445,-3.4251,15.2413,1.1488,0.2334
ITRI,47,0.0,-43.7621,16.5962,-343.2881,-100.7605,52.3717,12.293,-6.0083,10.9547,1.1102,0.2871
AMWD,59,0.0,-3.7573,25.433,-96.7376,-129.9859,24.8177,-7.4651,-0.6175,8.4727,1.3013,0.0648
ERO,82,0.0,-44.897,9.7751,-218.4724,-155.7009,15.7983,8.9243,26.9676,25.2369,1.2809,0.6905
WB,34,0.0,154.7906,82.8712,-57.7009,-68.8893,44.839,-0.2932,-1.7418,28.1718,1.0185,0.3024
VEEV,33,0.0,-64.6437,6.4611,-631.5051,-86.6884,300.0799,16.2013,-25.5671,25.174,1.0695,0.2742
CAMT,48,0.0,-47.1735,8.2509,-497.9079,-89.8206,58.4621,36.1027,-15.3496,25.1772,1.8298,1.1311
TS,138,0.0,-44.7051,11.3253,-244.6755,-86.388,30.8981,-15.7707,1.2719,20.117,0.8894,0.0036
PLAB,132,0.0,70.6651,31.9002,-85.8474,-44.4666,37.6086,-2.817,-16.0825,25.5515,1.3723,0.1754
BAM,102,0.0,-95.2443,0.536,-641.6062,-100.6086,3.2712,25.8486,-57.2182,22.1992,,0.0892
GRBK,63,0.0,93.7036,23.6862,-156.3311,-41.2581,37.1599,18.07,-25.4045,22.7236,1.2451,0.1183
RSVRW,133,0.0,-88.6581,23.2326,-18.528,-718.4924,13.8176,9.4563,-3.3047,23.1178,2.221,-0.6154
CNK,90,0.0,-28.7289,45.6639,-499.7828,-203.3462,104.4502,-0.9936,-89.2723,13.3221,1.0056,0.1069
SQM,84,0.0,-45.263,9.692,-218.5392,-106.3094,17.7093,-39.3536,6.6255,23.3855,1.1691,0.1584
FAST,120,0.0,-64.695,7.7331,-1218.0113,-94.7467,95.5456,2.7128,-7.9879,20.0106,1.0273,0.0787
TMUS,139,0.0,-62.6292,13.8378,-486.9323,-141.9233,38.3149,3.9571,4.5955,22.3891,0.7982,-0.1881
MCW,11,0.0,-55.0643,20.362,-261.3279,-176.4831,38.1191,7.2938,-9.1053,19.247,1.1416,-0.2984
AME,66,0.0,-57.6722,5.9791,-411.306,-105.3241,21.7979,5.218,-10.5967,25.6377,1.0893,0.15
ZWS,66,0.0,-58.5316,11.8712,-357.8638,-105.4573,37.9333,2.3522,0.9983,16.4762,1.0415,0.439
GRMN,66,0.0,-49.5441,9.4475,-530.4005,-90.612,69.1247,20.4399,-11.9271,25.3139,1.2994,0.0115
FE,46,0.0,-101.991,18.9116,-167.059,-254.0455,24.1709,5.3798,-25.6871,18.0966,0.6368,0.1659
DG,41,0.0,-35.2133,48.459,-262.9372,-177.7809,94.48,4.9641,-9.847,4.2206,0.8831,0.1273
AVA,113,0.0,-90.3679,18.0978,-127.7157,-237.3782,20.4264,10.6164,-4.2656,15.7895,0.6834,-0.0695
PCTY,33,0.0,-65.7286,10.6493,-854.0408,-98.0332,109.9001,13.74,-19.426,19.0584,1.2011,-0.2551
CYBR,33,0.0,-97.7513,4.8711,-721.0014,-98.6683,51.1194,33.0972,-199.0946,,1.1653,0.4998
TDUP,27,0.0,-170.087,75.9227,-523.9345,-116.7852,606.853,0.5907,45.8212,,2.5008,2.4646
ABTC,45,0.0,-106.2421,4.529,-78.7689,-92.2727,3.4712,10.0891,-114.2468,,2.0826,5.2045
CSV,102,0.0,-43.2106,12.6082,-288.1779,-270.7765,19.2514,5.2116,-20.5073,22.8062,0.8753,0.1447
APD,74,0.0,-83.1578,5.0651,-346.728,-122.3506,13.1427,-3.9635,-19.2423,24.3583,0.8942,-0.1471
VRRM,143,0.0,-59.3758,17.8148,-1403.1631,-125.5626,68.1926,7.5733,37.0947,26.5123,1.1106,0.0227
TEN,75,0.0,57.9565,17.6027,-28.3927,-387.5621,9.908,-9.612,-6.9313,28.5919,0.7384,0.4429
ZM,34,0.0,-29.3655,23.337,-256.772,-71.0395,309.2429,3.0528,-11.4183,17.4324,0.9126,0.126
ESAB,66,0.0,-54.1321,12.496,-411.2649,-113.5546,39.3776,-1.224,-9.7467,16.6986,1.1926,-0.0695
CEPU,46,0.0,-91.9156,1.1948,-1299.446,-101.0044,14.583,8.1033,0.1176,27.5223,1.0647,0.2709
BMI,66,0.0,-63.3445,6.0491,-946.3718,-93.9515,105.8718,17.4769,-17.3772,19.1077,1.1638,-0.0619
SO,46,0.0,-93.6752,8.0403,-269.1797,-197.4271,13.2851,5.2214,-4.1136,27.6385,0.6951,0.041
ATHM,45,0.0,-67.2619,7.6202,-376.9061,-78.7931,294.7579,-2.012,-0.1089,14.2551,0.8382,-0.0877
VG,98,0.0,-162.0598,6.2033,-377.6196,-235.0578,10.2981,-37.181,-205.3717,35.6378,,-0.1144
BCO,68,0.0,-50.6756,19.5225,-1238.6123,-187.1659,45.0985,2.8166,39.927,8.825,0.9741,0.2521
GLDD,83,0.0,-0.995,15.3286,-135.786,-184.4046,18.1051,29.3522,-16.4343,11.775,1.2707,0.2693
ESP,66,0.0,74.002,37.426,-152.3579,-33.1086,174.5005,13.4617,-23.1987,18.4904,0.6583,0.458
GPK,40,0.0,-47.9479,15.2881,-259.2939,-167.1742,24.4242,-6.5868,-8.3034,12.7626,0.973,-0.3835
PTC,33,0.0,-74.4581,9.1016,-587.468,-109.5449,39.4633,9.6049,-20.0616,25.55,1.0636,0.2657
FTV,66,0.0,-53.9271,16.9916,-186.9135,-120.6717,28.5035,2.7451,1.2561,18.3494,1.0613,-0.0987
DD,74,0.0,-58.5173,12.2254,-130.719,-120.2559,15.4805,2.6351,3.7695,14.7667,0.9769,0.1042
MGRC,42,0.0,-25.6914,13.0612,-244.288,-133.516,25.4217,9.889,-20.3004,27.1188,0.9139,-0.0053
MDLZ,107,0.0,-40.6395,13.9396,-318.4688,-129.1709,32.8836,1.18,4.9637,18.2898,0.7174,-0.0963
CRM,33,0.0,-66.3656,11.5008,-424.936,-103.9427,52.6361,8.7156,-2.5601,20.2296,1.4188,-0.0498
MANH,33,0.0,-70.5502,5.3741,-3643.3449,-99.5506,1736.9042,12.2347,-7.4918,25.0967,1.5523,-0.0031
KMI,92,0.0,-89.7395,8.7767,-197.362,-158.4688,13.2534,-1.8737,-0.4349,29.4762,0.8756,-0.0851
TT,10,0.0,-54.6624,8.7451,-1038.5571,-105.9623,66.377,12.2222,-6.6966,17.6432,1.1199,0.2341
IMPPP,75,0.0,-28.1606,8.4686,-190.6146,-75.0312,23.5581,-19.5804,-16.1086,31.5365,0.4674,0.0905
B,114,0.0,8.187,11.4215,-100.2724,-119.8971,14.4303,13.3807,-3.9185,32.3789,0.8012,0.6605
LMB,50,0.0,-45.9166,17.4563,-561.4847,-96.5397,122.0755,0.4708,-26.9412,8.1718,1.1935,0.2455
CTSH,45,0.0,-14.6065,18.6546,-261.4465,-91.643,51.8473,1.979,-8.9287,15.3324,0.9714,-0.0539
PLNT,65,0.0,-79.1267,6.0942,999999.0,-132.3832,39.7337,10.2983,,27.4359,1.0938,-0.0711
SHOP,33,0.0,-84.8974,3.5566,-1127.3533,-96.2486,63.9131,25.779,-27.4873,14.6622,1.7427,0.7487
DCI,112,0.0,-33.3606,15.4105,-540.651,-99.4464,66.2512,2.9167,2.3907,15.102,0.9526,0.2342
SPSC,33,0.0,-75.6346,8.6387,-606.589,-95.5853,69.5893,18.7843,-28.0482,13.9366,1.2836,-0.2359
YORW,147,0.0,-82.2556,7.974,-210.9952,-179.0953,12.6591,5.5677,-4.5276,37.4214,0.7284,-0.0869
MZTI,107,0.0,-47.8754,9.9811,-473.367,-96.0978,54.4368,1.9961,-7.8554,11.8075,0.7222,-0.0698
VIRC,67,0.0,91.3184,90.1409,-137.2531,-85.2724,132.5421,-1.0691,-19.8357,10.4639,1.071,-0.2244
ABEV,13,0.0,34.6594,27.3642,-196.7462,-103.6822,65.2675,11.6662,-24.2523,16.0342,0.8027,-0.0212
VMI,81,0.0,-32.7976,18.9889,-371.295,-99.4215,57.421,-2.385,-12.4582,12.8731,1.2699,0.4193
AWR,147,0.0,-67.9581,11.7894,-318.5742,-143.9782,24.7935,-0.0403,-18.5466,30.9816,0.7204,-0.0544
PEGA,45,0.0,-68.4806,18.6369,-1060.6235,-97.5318,353.5451,4.5067,-65.4656,10.7411,1.4112,0.7611
FTDR,42,0.0,-9.8948,26.4216,-1250.0903,-144.7834,98.9022,1.5276,-74.4526,19.6759,1.1779,0.668
AU,114,0.0,-16.5398,9.8081,-218.5298,-108.0415,22.7143,26.6295,-127.6203,27.3753,0.812,0.8213
WSC,85,0.0,-58.0254,14.4783,-519.5925,-182.967,27.5948,1.3088,19.2394,24.4439,1.3902,-0.2377
KDP,13,0.0,-59.5761,13.7648,-193.5341,-153.171,21.7095,3.6249,5.5811,21.5556,0.6899,-0.2149
EBR,46,0.0,6.7773,26.9227,-69.2583,-220.7309,20.8079,8.1344,-8.4783,31.1525,0.7497,0.4798
LYV,133,0.0,-79.7982,17.3067,-1622.2257,-126.2888,254.7038,1.889,-37.7756,3.5132,1.149,0.108
CSGS,45,0.0,-36.873,27.4392,-618.3278,-95.8688,88.3976,2.3938,-3.3817,12.0824,0.9582,0.2994
POWWP,101,0.0,-110.0744,1.7643,-1109.6083,-100.1281,22.3847,-8.4174,37.99,,0.6546,0.1451
HRI,85,0.0,-58.2714,14.56,-286.0005,-241.8887,21.6358,2.8032,-9.6622,16.2715,1.5947,0.0068
ALRM,33,0.0,-51.6653,23.8438,-358.6475,-90.5268,114.9061,6.5948,-6.4067,11.5498,1.0158,-0.1193
FWONA,22,0.0,-82.1167,5.6093,-276.2313,-105.2529,15.0342,2.9795,-15.0958,11.8143,0.9921,0.0857
PCAR,89,0.0,-35.0264,11.6344,-294.826,-82.4756,28.476,-4.1665,-10.2533,14.5331,1.0729,0.0041
UAN,4,0.0,-63.8793,9.7927,-258.2392,-164.9401,15.8474,-23.9504,3.2389,19.1468,0.7151,0.3128
GTES,66,0.0,-60.0883,19.7015,-146.9965,-119.2113,27.1217,-4.5376,5.7451,14.3331,1.286,0.1658
WAY,45,0.0,-94.1709,8.399,-208.6119,-117.4668,15.2016,19.2841,-50.2384,13.1127,,0.022
ZD,139,0.0,1.1855,59.6616,-91.4047,-131.1387,55.3807,2.7609,4.3379,14.1915,1.4042,-0.1271
ACMR,66,0.0,23.6905,27.9154,-134.3775,-50.8666,46.9139,40.2341,-18.3277,19.3063,1.7599,0.8033
BBW,125,0.0,31.7739,53.3625,-387.1455,-103.3632,244.7972,2.1168,-7.265,13.352,1.0999,0.3539
BMBL,34,0.0,113.3963,53.3637,-35.0924,-271.6111,42.7287,1.8837,42.2809,17.8953,1.7141,0.2534
CW,66,0.0,-57.7277,8.9302,-500.1854,-104.8822,37.0475,9.6935,-5.2133,17.3987,1.1457,0.8726
SPNS,33,0.0,-28.6831,17.91,-314.0062,-91.829,78.5762,5.4015,-6.5968,15.8282,1.278,0.5988
AAON,66,0.0,-70.4544,5.7753,-815.0878,-97.8446,40.5437,2.7485,-12.1538,17.4154,1.4366,0.2531
BRC,88,0.0,-20.5557,23.0385,-283.253,-97.203,68.0747,12.8383,-11.7707,15.6341,0.928,0.0653
OSK,9,0.0,76.5921,28.5783,-147.7406,-110.2538,40.1182,11.1028,-12.0584,9.9001,1.2373,0.3144
OLLI,41,0.0,-57.4433,13.3998,-427.736,-98.0944,72.1042,8.0395,-12.4038,10.9831,1.0291,0.045
VNT,66,0.0,-49.2902,20.899,-473.3934,-134.4973,50.007,-3.7542,-18.3452,18.0262,1.0278,0.2721
ROCK,138,0.0,-15.2971,23.0846,-171.1356,-82.1724,45.1899,-5.0062,-14.5395,11.7915,1.151,0.1374
CRNC,33,0.0,0.3433,48.0927,-250.1826,-163.8161,82.5199,12.5746,79.6946,13.9706,2.906,0.329
YUMC,127,0.0,-33.2601,9.9503,-311.3789,-109.4592,40.1274,2.8843,9.7205,10.7479,0.9547,-0.172
OGE,46,0.0,-71.1981,9.5644,-195.1801,-189.3243,13.7215,11.8628,-2.8659,25.5537,0.757,-0.0148
PLAY,127,0.0,-22.9805,85.1036,-450.873,-674.3468,111.8954,-3.2921,41.9586,11.2111,1.6715,-0.1298
GDEN,133,0.0,-97.859,33.8233,-150.61,-166.7854,43.6383,-37.7641,11.81,7.4629,1.1924,-0.2227
UP,143,0.0,-312.5961,0.2949,999999.0,-255.4952,999999.0,-36.7994,,,1.6159,0.5665
WHR,37,0.0,-70.7846,24.6864,-165.501,-254.8986,31.1564,-14.6389,-15.609,5.2147,1.4152,-0.1531
DOYU,34,0.0,51.1518,999999.0,-36.9686,108.448,264.2092,-22.7755,37.0626,,1.3821,-0.0469
CTM,116,0.0,-146.283,23.2531,-397.181,-97.6255,98.3285,-1.0586,-55.8615,,,-0.0116
AIN,140,0.0,-39.5324,16.7779,-230.3631,-96.8859,34.8705,7.2049,1.8994,11.7662,1.1876,-0.1892
TUYA,33,0.0,-67.9098,15.9061,-172.4185,-53.5041,88.6275,29.8391,-3.8002,,1.1764,-0.2524
GCL,33,0.0,-82.3181,9.013,-650.0414,-101.0562,67.8389,45.6586,-122.2972,2.2866,,-0.1015
EME,50,0.0,-4.4326,16.9947,-599.1994,-96.0073,172.9082,15.7614,-18.9362,9.2328,1.3534,0.784
AMBI,51,0.0,98.5696,11.4501,-80.1169,-253.5118,11.4659,25.4244,-33.8813,14.911,,-0.8899
XEL,113,0.0,-124.1753,8.9092,-205.269,-212.2338,12.6875,-5.0671,-10.8197,17.8366,0.6651,0.1422
BVN,82,0.0,-41.2785,10.3202,-106.4703,-117.1461,11.6604,40.1483,-12.3214,14.3369,0.7082,0.5189
ED,113,0.0,-94.2104,12.8924,-170.0687,-211.38,17.0291,4.0442,-3.8,17.9077,0.5982,-0.0999
CLX,135,0.0,-46.6341,16.0062,-3649.6705,-119.1798,114.6272,0.1551,2.0325,16.5681,0.5384,-0.2281
DLTR,41,0.0,-21.5797,33.3773,-419.46,-132.3048,102.313,4.7435,45.6127,8.323,1.0911,0.3063
ZBRA,66,0.0,-53.4074,15.0047,-413.0395,-112.2067,49.6911,8.6606,-18.1159,15.3584,1.2512,-0.082
ERII,66,0.0,-63.118,12.1636,-416.6136,-83.6976,73.4391,12.9327,4.4575,15.3158,1.3668,0.0751
PEG,113,0.0,-53.3404,8.6433,-255.0141,-173.5065,22.1465,-8.4275,-4.1158,22.9252,0.8387,-0.0166
EMN,74,0.0,-2.0578,16.1382,-169.8048,-151.887,22.827,1.8675,-5.8228,14.6664,1.0556,-0.2921
IRBT,37,0.0,-665.6034,99.6385,-125.0388,-281.9844,111.6175,-23.4376,68.8331,,1.6589,0.234
CDE,114,0.0,-9.9448,11.8448,-204.3713,-138.7111,20.7852,28.3486,-9.703,20.4415,1.4679,2.0791
JACK,127,0.0,-2.9394,20.9483,999999.0,-779.8478,53.9121,-7.15,,17.2465,1.2525,-0.4014
IT,102,0.0,-64.4084,12.7213,-2416.0121,-108.6051,225.0547,6.1022,-99.6916,18.4647,1.0735,-0.4115
WHD,97,0.0,2.4752,14.2694,-253.7637,-90.2444,47.3652,2.995,-18.7279,27.078,1.1154,-0.102
STNE,45,0.0,318.7879,64.0734,-139.0333,-79.6331,94.2086,12.1007,19.4105,47.9942,1.4199,0.7763
GFI,114,0.0,6.6319,9.9807,-379.0624,-113.902,31.5639,15.5731,-16.1717,40.2415,0.7432,0.6824
TIMB,139,0.0,-66.7159,6.9901,-744.4576,-108.6744,57.0802,9.5477,-1.4941,15.8715,0.8115,0.536
TR,136,0.0,-56.1136,12.1146,-261.5343,-97.5034,37.0036,-5.9982,-5.7468,13.8969,0.5609,0.1358
DIS,133,0.0,-56.2375,14.7855,-167.0484,-135.7769,22.4743,2.7706,6.6276,13.0406,1.0322,0.1465
CSL,135,0.0,-27.6702,11.4297,-624.3124,-108.6711,52.4303,9.0846,12.9268,22.8456,1.1347,-0.0281
HURN,116,0.0,-39.4904,16.1215,-466.3888,-113.1824,53.1251,9.1057,-5.336,12.027,0.8597,0.1477
KAI,66,0.0,-59.7718,10.8298,-477.7175,-102.207,44.3109,9.9942,-10.5493,16.3198,1.2349,-0.172
MHO,63,0.0,141.3944,36.4255,-106.5332,-17.3987,38.6827,11.6814,-16.7957,15.6747,1.3111,0.0927
FTS,46,0.0,-111.5686,12.0899,-122.0479,-235.6351,14.0114,0.7167,-10.8049,29.2804,0.6634,0.1073
SVV,105,0.0,-37.3994,48.9286,-280.4469,-202.2297,85.6866,2.4908,-12.1325,8.4669,,0.7685
SSD,66,0.0,-35.7913,15.1702,-364.9246,-95.2744,52.3707,0.8283,-7.941,19.5033,1.1566,0.136
LII,66,0.0,-48.7456,8.4455,-2388.7955,-103.1581,116.4881,7.2141,-198.0021,19.4859,1.2467,-0.1451
VSEC,83,0.0,-73.202,3.6618,-258.4259,-93.3294,7.7879,25.5255,-60.2312,8.6678,1.2668,0.4686
FIVE,41,0.0,-10.4836,34.197,-247.9799,-123.6192,105.715,8.9105,-14.0932,8.3533,1.5307,0.9827
RCMT,116,0.0,55.2189,50.9486,-377.3358,-95.6635,125.1969,5.7526,-29.8333,7.7003,0.8118,0.3628
SBLK,75,0.0,78.84,15.7982,-73.757,-149.2784,12.6925,33.3087,-49.4982,28.0106,0.8298,0.1933
FTAIN,85,0.0,-116.1892,11.8991,-3049.4438,-193.5667,20.282,49.3134,53.7374,14.6041,0.5173,0.0647
HBM,82,0.0,39.6561,15.1439,-114.7175,-158.4222,17.453,19.5976,-19.9656,20.8144,1.5093,1.0819
SIG,39,0.0,82.1317,132.1523,-139.9071,-138.8297,210.4183,-6.5164,34.3799,7.5032,1.4586,0.6629
TOUR,143,0.0,-42.7325,19.2148,-261.7705,-87.8672,118.2533,22.2299,-2.9718,15.5254,0.9143,-0.1887
UL,106,0.0,-27.8919,18.3032,-556.116,-130.2961,62.0705,1.9411,-8.6255,18.5152,0.6379,0.036
SHW,120,0.0,-68.1531,11.4045,-2184.1857,-115.4455,81.5423,0.2022,-9.0263,16.2863,0.9557,0.0005
ICFI,116,0.0,-19.4001,36.6684,-163.3886,-135.5518,53.106,2.8804,-7.0701,8.2109,1.0652,0.001
SFD,76,0.0,-4.7962,20.6554,-130.4185,-106.3781,26.6582,-3.4016,19.0731,7.5308,,0.085
WDC,48,0.0,51.5054,21.3659,-260.9002,-111.3534,45.373,50.7044,49.8506,22.3739,1.3942,2.3577
EPAM,45,0.0,-29.5843,17.3634,-264.7721,-84.9906,61.2418,0.7973,-4.5998,11.5184,1.3181,-0.0367
NPKI,97,0.0,-35.6125,14.6465,-164.3633,-90.3986,24.3723,4.7393,21.3955,14.8748,0.9683,1.2032
BKTI,121,0.0,-44.2858,19.2363,-529.9566,-87.2517,127.6586,3.3714,-39.9794,10.2204,1.2047,0.66
CHD,106,0.0,-59.2325,10.0706,-606.8791,-108.3859,49.8117,4.0764,-13.1089,19.0631,0.5606,-0.2396
JILL,7,0.0,162.5612,135.6051,-267.5633,-165.8592,307.5651,0.4628,-184.1878,12.5191,1.0403,-0.1851
HDL,127,0.0,-92.8406,2.0076,-3839.3517,-99.9967,255.9154,13.0587,-32.9045,8.7015,,-0.2614
GM,9,0.0,-33.1576,15.3157,-72.7311,-305.3714,13.9162,9.0781,3.9776,6.8202,1.3249,0.452
FSI,74,0.0,-15.4035,20.7915,-143.9959,-73.1836,31.4143,-0.2347,-8.0954,14.4125,1.3853,0.9668
BYD,65,0.0,19.1345,23.6765,-366.5899,-172.3077,46.1521,5.1873,9.3222,24.7782,1.199,0.1418
BGS,107,0.0,-150.339,17.1661,-93.0191,-437.8941,16.914,-6.2968,37.1837,11.0449,0.7444,-0.332
RCL,75,0.0,-51.914,10.2331,-732.851,-147.5602,28.5636,18.5971,-57.8894,24.9196,1.3777,0.3593
TK,75,0.0,351.5018,39.7439,-24.9775,47.9205,32.3525,-16.6966,-7.4886,27.2702,0.7683,0.6287
DOV,66,0.0,-54.6221,11.5986,-351.2217,-103.8082,36.8055,0.7994,-36.1765,15.5741,1.1033,0.0158
FLNT,2,0.0,-349.7491,83.527,-186.9493,-87.092,118.9979,-14.6703,27.4648,,1.3884,-0.1073
VERI,45,0.0,-640.2977,33.0876,-708.5621,-230.5576,56.4903,-7.35,64.7364,,2.1814,1.6203
AEHR,47,0.0,-99.2423,11.4017,-190.6355,-69.6024,24.2871,-10.9487,-10.1064,,1.716,2.2513
IMAX,66,0.0,-90.0486,11.5152,-372.0926,-99.679,34.9709,-6.0375,-9.4407,13.5179,0.9457,0.2327
INVX,97,0.0,-17.7861,19.3347,-130.6087,-67.4617,25.5666,18.9481,-191.3028,12.8999,1.0579,0.1675
HTO,147,0.0,-97.8486,11.8061,-130.3792,-272.4706,13.3452,11.6468,-10.83,22.7811,0.7532,-0.1209
ASM,82,0.0,-17.1379,10.9523,-190.561,-91.7414,23.6082,55.4041,-18.2998,21.9609,1.4576,1.7853
CMRE,75,0.0,233.8755,21.9468,-47.2509,-221.3698,14.5106,37.8778,-5.2971,22.2618,0.9861,0.1929
CZR,65,0.0,62.3854,34.1771,-126.8627,-571.8716,37.2221,-1.8262,7.2881,22.7523,1.6872,-0.2929
PANL,75,0.0,36.9933,18.3325,-65.1568,-185.8014,14.1302,7.4646,-28.2198,9.0299,0.8767,0.0313
SONO,37,0.0,-99.5998,63.2314,-305.9577,-91.055,332.2888,-8.2887,17.3596,,1.1388,0.5557
ALTG,66,0.0,-639.365,41.5575,-201.794,-484.949,44.5176,-0.0107,48.163,0.9912,1.6292,0.2595
CIG,46,0.0,194.6682,23.6839,-88.4575,-178.381,21.6203,8.8462,-11.0561,15.1277,0.8588,0.31
NOVT,66,0.0,-78.0487,8.5574,-620.0129,-104.179,40.2104,7.6654,-10.7264,13.0939,1.3289,-0.0145
CWCO,147,0.0,-37.3286,15.7746,-177.8862,-64.7686,39.2785,-25.6613,-12.2394,13.5011,0.7564,0.4092
AZ,66,0.0,-120.1844,1.1188,-2883.8002,-97.4165,999999.0,-37.0022,,,1.4715,0.075
EXC,113,0.0,-102.7929,10.2584,-168.6008,-254.4294,12.8461,5.9879,-4.5273,18.7033,0.7576,0.052
LVRO,105,0.0,-155.3446,48.207,-133.788,-139.899,64.3375,0.4798,35.6026,,0.7243,-0.5258
LXU,74,0.0,-172.1616,6.1039,-95.5648,-181.2878,5.9385,-12.0108,5.1494,,0.981,0.3293
NEON,66,0.0,-109.7691,2.3423,-876.8112,-88.9321,19946.6667,-18.83,4.2009,,1.7447,-0.6426
WLK,74,0.0,-54.4545,12.9853,-116.9233,-126.162,15.4265,-3.2356,-2.592,7.9559,1.0256,-0.2704
WLDN,83,0.0,-43.5048,34.196,-246.5062,-98.2719,81.2194,10.9201,-17.2624,5.5414,1.1236,1.2607
CPHC,133,0.0,-35.877,63.7466,-108.4438,-101.5588,70.3051,-1.6019,-2.8022,8.641,0.4852,-0.1346
BG,107,0.0,-5.579,24.6767,-93.806,-76.2239,25.336,-10.8028,7.3297,3.0447,0.7437,0.2503
WAB,122,0.0,-56.8942,9.5948,-313.486,-110.7475,25.1063,7.337,3.7153,15.4905,1.0669,0.096
WGS,130,0.0,-102.2062,8.4945,-969.5386,-98.9522,124.6334,54.4344,-7.5565,,1.9923,0.5525
AIR,3,0.0,-41.1312,17.9755,-170.367,-101.526,25.3324,19.906,-1.8322,6.4665,1.234,0.4608
CRH,23,0.0,-37.9436,17.5246,-267.5899,-121.9072,38.5615,1.7826,-5.6843,13.6315,1.2567,0.3079
SHLS,132,0.0,-45.7527,21.4565,-97.6375,-107.0044,21.0383,-18.3522,-2.1659,12.8184,1.6488,2.2577
PLXS,47,0.0,-53.884,11.0377,-266.2402,-79.4886,30.8492,-5.9254,-9.0946,4.7462,1.1177,0.0724
ELPC,46,0.0,-75.4121,4.1939,-404.035,-117.8487,12.6322,8.8303,-5.9742,11.8756,,0.4723
XYL,56,0.0,-61.935,10.7452,-264.2648,-104.4406,27.2735,16.2683,-6.9379,12.5088,1.0305,0.2924
WLY,21,0.0,-45.7555,40.4667,-314.5536,-159.0281,85.0228,-10.4314,-1.6885,14.7215,1.0294,-0.1732
HMY,114,0.0,-14.5409,9.001,-390.4685,-105.0121,37.1862,26.6584,-17.3997,18.3896,0.9646,0.0887
MMYT,143,0.0,-82.7384,6.5656,-931.8859,-96.0198,105.3863,20.8121,-8.2011,13.7625,1.4617,-0.2008
KEX,75,0.0,-33.4577,12.3017,-176.1295,-123.1402,19.8664,5.6357,-5.2271,13.8766,1.057,0.0352
VECO,66,0.0,-7.5998,27.716,-151.144,-72.2705,43.2652,7.6326,-14.6225,13.2597,1.5453,0.4273
TSQ,22,0.0,47.1326,22.3607,999999.0,-512.2007,30.7179,-0.7153,,14.0908,0.8925,-0.1628
HTHT,65,0.0,-92.0716,1.1177,-6319.9626,-104.6763,130.0,8.6133,-0.1796,22.2784,0.9487,0.0814
CCO,2,0.0,-590.1507,13.5072,999999.0,-1349.1102,43.1571,4.9536,,18.5475,1.3057,0.6802
BRKR,18,0.0,-63.8321,20.1927,-342.8764,-130.6786,44.2688,13.5571,-28.437,11.2643,1.3283,-0.0803
SRAD,34,0.0,-66.4301,11.7643,-611.5456,-113.8992,108.0824,26.0859,-6.5316,12.1602,1.2781,0.1775
NATL,94,0.0,30.9991,22.5266,-782.0757,-258.8624,37.1449,3.0064,-6.0241,11.7906,,0.3088
IAS,34,0.0,-42.6538,33.0052,-130.0694,-88.7473,43.4507,11.7487,-10.8367,12.1322,1.1938,0.2689
BKR,97,0.0,-23.8411,12.4898,-257.6318,-105.2937,29.6236,9.1077,-9.8975,12.1528,0.8926,0.0882
CCJ,103,0.0,-79.6717,2.958,-404.9972,-106.2831,11.1081,21.1772,-4.4308,16.3008,1.2065,1.5117
AES,46,0.0,-268.4609,5.774,-111.6477,-464.3387,6.589,-3.0786,-28.7218,16.5011,1.2507,0.1822
JBTM,66,0.0,-69.7448,15.6314,-258.0149,-98.484,39.9579,3.1002,-3.7142,6.9814,1.2213,-0.0007
COCO,13,0.0,-45.3161,12.7926,-663.9988,-86.1669,211.1097,4.5382,-27.8506,14.3058,0.9683,0.5008
MSEX,147,0.0,-80.9754,6.5944,-252.434,-167.8386,12.0447,15.3981,-5.1339,27.7313,0.8781,-0.0802
IOSP,74,0.0,-25.9113,26.0937,-194.4642,-81.4536,58.5716,-5.3058,-5.7846,9.8136,1.0903,-0.2263
NVRI,42,0.0,-219.7198,22.6481,-123.0796,-366.5926,24.4327,-0.9879,21.8643,3.2745,1.5108,0.8014
AIIO,9,0.0,-566.2111,2.5056,999999.0,-177.799,999999.0,-67.8702,,,0.8265,1.7651
UCTT,132,0.0,-16.9739,29.0025,-105.5478,-97.965,31.9724,20.934,-4.3023,4.3478,1.9791,0.3043
OPTT,46,0.0,-260.1725,2.5893,-265.7424,-86.6221,8.3262,6.0814,-37.7792,,2.2677,0.2561
PYPL,42,0.0,-7.3473,22.298,-326.5903,-93.1779,75.2696,6.8053,3.0117,18.1244,1.2423,0.0348
UNF,102,0.0,-34.8417,27.2895,-155.6085,-88.4258,43.8389,8.7049,-5.2172,7.5626,1.0996,-0.1161
DRD,114,0.0,-92.1619,0.7756,-3394.4055,-100.4564,28.3659,13.5255,-9.807,25.8105,0.9131,0.6312
STRF,33,0.0,-134.1385,1.153,-119.6572,-133.6038,1.3158,-5.0593,-742.0425,,,0.2377
NVX,66,0.0,-141.2874,0.6271,-458.1833,-104.9504,2.5775,-27.3151,25.1968,,1.927,0.4685
INSE,33,0.0,-114.5231,39.9663,999999.0,-217.7992,73.5632,-7.9901,,10.3332,1.0924,-0.1244
GTM,33,0.0,-106.4286,23.0583,-198.1278,-227.0976,36.8353,-1.9352,20.0915,8.0423,1.5574,0.1131
EPSM,13,0.0,-94.8137,2.45,-799.18,-87.8473,20.0231,-57.1237,-4.2622,3.2585,,2.5374
NRGV,66,0.0,-541.7304,5.9849,-103.3864,-91.3224,6.2391,-86.4734,43.5836,,1.792,2.8087
INVE,35,0.0,-90.0817,999999.0,-48.5139,99.2096,1.8455,-38.7087,-107.4389,,1.2325,0.21
OCG,102,0.0,-88.1089,1.0804,-126.501,-38.5272,1.5992,-60.5907,-9.5712,,1.2519,-0.0588
CNNE,127,0.0,-143.0038,0.2422,-64.7398,-116.4395,0.156,-21.7164,21.3884,,1.2136,-0.042
MSTR,33,0.0,-109.6944,0.3978,-421.3696,-109.5425,1.3158,-5.0593,-742.0425,,2.4492,-0.119
DQ,132,0.0,-120.0048,-3.9014,-103.412,-61.1729,-5.6611,-55.4066,9.1562,,1.4072,0.5917
API,33,0.0,-101.717,6.6685,-262.729,-86.5532,24.4505,-5.8514,5.306,,2.0107,-0.1203
RCKY,134,0.0,17.1355,69.1342,-57.6656,-84.0471,50.1089,-1.7454,-3.8778,6.8462,1.445,0.6093
SBGI,22,0.0,141.6346,41.7022,-200.1642,-461.9122,46.4539,13.21,-133.4842,14.9662,1.3075,-0.1409
TYGO,132,0.0,-629.2707,-5.898,-594.5868,-115.2138,-14.334,-62.8087,86.6532,,0.6403,1.7927
TRON,125,0.0,-400.523,15.2442,-122.1439,-61.4784,19.2681,-25.1565,-28.2904,,,5.0133
PSNY,9,0.0,-671.9943,-13.6771,999999.0,-330.1913,-99.254,-14.1085,,,1.6103,-0.1635
MVIS,66,0.0,-222.261,-1.2174,-562.8401,-94.7667,-40.0905,-35.3079,49.095,,1.6025,-0.0328
MBLY,33,0.0,-108.5707,6.9087,-100.534,-85.1624,6.9506,-20.4425,19.0096,,,-0.1242
GORO,114,0.0,-366.5098,-43.6093,-178.1905,-308.2783,-79.8714,-32.746,66.0777,,1.4561,0.4063
ADAM,33,0.0,,,-39.076,-1515.658,,-21.5637,13.3277,,1.1374,0.1334
SURG,2,0.0,-494.0629,-35.8603,-312.9686,-80.2063,-191.0842,-55.6071,46.2685,,0.9442,0.1681
ARBE,45,0.0,-360.7339,-0.8074,-404.0464,-78.7225,-2.723,-47.7551,46.5564,,0.9681,0.8208
ADUR,74,0.0,-122.8254,,-1785.5031,-96.4289,,-31.496,-85.5251,,,1.8957
BLW,102,0.0,,,-94.4365,-173.4228,,-29.6207,-2.0884,,0.6049,0.0455
IAC,34,0.0,-126.5018,63.1882,-54.7642,-118.6055,42.4411,-12.7829,7.1297,,1.2651,-0.2069
SKBL,50,0.0,-99.5913,0.8998,-3644.396,-99.1994,14.6567,-5.7599,-182.4726,3.3774,,-0.6921
LGO,84,0.0,-313.6478,-20.0204,-59.9082,-152.7912,-12.5422,-37.1263,33.0615,,1.4013,-0.2406
QVCGA,27,0.0,1808.1997,83.1532,999999.0,-8866.5973,110.5412,-8.044,,6.8546,1.9182,0.2189
TEL,48,0.0,-41.1147,12.0299,-339.0895,-104.7167,35.4977,-1.1787,-7.13,18.8261,1.1167,0.7343
CACI,45,0.0,-34.9523,6.6938,-220.9736,-132.9419,11.396,12.6372,-10.6798,8.8572,0.9589,0.4368
ADI,132,0.0,-88.3136,5.2025,-279.2177,-107.361,13.3219,-23.3909,1.0932,21.9584,1.453,0.1877
VRA,7,0.0,-305.5137,560.2991,-35.6024,-27.3939,125.7421,-21.0738,31.1524,,1.4789,0.0234
ARKO,57,0.0,-86.9238,33.3859,-126.2699,-624.4355,40.0916,-7.2681,-0.1991,1.09,1.1833,0.068
XPO,143,0.0,-68.3835,5.6539,-814.6557,-133.1528,19.2957,4.2355,-26.4613,8.6843,1.4078,0.1207
COMM,121,0.0,-764.3864,14.252,999999.0,-731.8498,24.4682,-7.8726,,6.3888,1.9404,2.1095
SORA,105,0.0,-100.7072,1.4491,-6934.4334,-99.3975,36.2274,-6.3518,,1.2963,,0.3342
ADEA,33,0.0,-43.4973,,-363.3727,-130.5037,,-3.283,-11.2021,37.8332,1.2113,0.3102
DOGZ,88,0.0,-107.6816,0.8419,-487.3281,-100.8212,4.1668,-15.5623,-0.0859,,1.0663,-0.601
QUBT,33,0.0,-106.2381,0.012,-943.958,-96.7376,0.3952,4.1899,-56.1606,,2.3424,0.9369
USAS,82,0.0,-143.2544,-2.2329,-556.0911,-133.1321,-12.3623,-3.2687,25.9709,,1.3284,2.312
ONEG,63,0.0,-133.0585,7.6372,-233.4239,-59.8624,11.1643,-16.1637,-115.6866,3.1501,,3.8257
CDLX,34,0.0,-580.9705,50.1041,-133.2815,-249.4291,55.4583,-9.9953,48.0756,,2.4856,0.0549
SMRT,45,0.0,-124.8883,76.9869,-76.306,-40.7203,41.0594,-26.1584,15.4806,,1.4022,0.2
WEYS,7,0.0,26.6723,60.073,-118.3936,-53.8016,75.6891,-8.7276,-0.4466,12.6129,0.9121,-0.0382
BBAI,33,0.0,-143.1789,5.1772,999999.0,-132.2256,54.9006,1.9798,,,1.4089,1.2045
NSIT,27,0.0,-44.2102,32.0249,-264.9945,-113.3124,68.1046,-5.1673,-2.0094,4.8596,1.2624,-0.2979
BIDU,34,0.0,-88.1857,3.7947,-635.5954,-98.45,29.497,-3.2511,-7.9982,27.0738,1.0887,0.388
ODV,114,0.0,-188.8386,-0.2313,-49.9153,-155.5136,-0.1016,-85.581,2.4879,,0.5231,1.0671
CCSI,33,0.0,46.9843,27.561,999999.0,-232.208,58.4811,-3.3561,,42.6406,1.2195,0.1344
SST,34,0.0,-2373.7386,63.3754,-32.6688,-948.743,52.017,-14.4403,49.8001,,1.1187,0.4894
CLFD,139,0.0,-95.4621,9.8986,-152.5268,-52.305,19.6525,-37.9633,12.5015,,1.2745,0.2216
OLPX,106,0.0,-49.3457,31.0527,-100.2716,-121.6658,31.1312,-7.7744,-3.4834,14.9102,1.4404,-0.2083
MKSI,66,0.0,-80.2898,18.4122,-234.8179,-164.9614,27.7904,-0.9939,6.068,14.4451,1.8229,0.7479
GD,75,0.0,-37.62,9.1392,-333.1874,-110.4624,25.2815,12.8785,-3.587,10.0511,0.8423,0.2771
GOOS,7,0.0,42.0762,78.6609,-198.6965,-110.9499,148.707,1.0946,-31.4286,12.17,1.3935,0.7071
TDC,33,0.0,-23.5608,47.2186,-1639.5812,-134.7145,548.1865,-4.5281,1.4815,11.9429,1.1406,-0.0829
VIV,139,0.0,-40.8415,15.8904,-222.4331,-120.5895,35.6996,7.7817,-0.2473,11.1319,0.7368,0.4185
NTGR,139,0.0,-92.8069,65.1,-131.1583,-32.4381,148.0079,-9.0547,-1.0403,,1.3146,0.3221
CIEN,139,0.0,-86.4913,17.9676,-329.4202,-91.7811,55.2975,-8.4712,1.1313,4.7624,1.5451,1.9005
VFC,60,0.0,-105.7775,51.5905,-423.939,-158.6164,100.948,-4.1448,10.3117,4.135,1.5049,-0.127
ARRY,88,0.0,-87.1431,20.2245,-259.8858,-97.404,49.3556,-41.9107,52.6894,11.0311,1.7183,0.7591
NEXN,34,0.0,7.5705,76.7978,-109.9187,-82.2931,88.56,10.0858,2.3354,11.1692,1.3315,-0.0697
KFY,42,0.0,11.8954,85.573,-186.8002,-103.8834,199.3451,-1.1794,-7.7599,12.7547,1.1157,-0.0186
AMRC,50,0.0,-195.2,11.6479,-61.0402,-356.6209,9.9555,28.7564,-7.6958,4.6324,1.9715,2.2574
CBAT,66,0.0,-6.4237,50.8156,-56.9296,-159.6223,30.8239,-13.6099,-5.8249,5.4466,1.3041,0.1953
EMX,82,0.0,-108.2051,2.7683,-190.9947,-97.5671,5.2353,17.3362,4.1143,,0.9449,1.08
ATLN,18,0.0,-197.2755,15.5528,999999.0,-118.8898,68.6657,10.2735,,,1.2518,-0.3604
NAT,75,0.0,-21.8577,14.459,-98.9597,-139.7198,14.3555,-10.7088,5.4785,22.1052,0.663,0.556
CLAR,125,0.0,-145.8589,91.4519,-62.0985,-15.4844,48.844,-7.5886,20.2064,,1.293,-0.083
NUE,138,0.0,-28.2853,12.766,-132.6341,-98.2152,17.0774,-11.4651,3.1912,9.6928,1.2163,0.2656
SHOO,134,0.0,42.2912,51.0608,-229.4603,-80.4293,139.3023,15.2073,-3.2976,10.425,1.1333,0.2356
ETR,46,0.0,-108.9685,8.8479,-241.6489,-222.5682,13.2695,-1.8061,-2.9972,23.3633,0.845,0.1175
CURV,28,0.0,-57.0599,50.4293,999999.0,-177.3502,844.8356,-4.1323,,5.3377,1.3717,-0.7559
RPM,108,0.0,-54.7757,17.7215,-515.0205,-109.3916,58.3125,0.5094,-14.9094,12.2065,1.0041,-0.0536
FELE,81,0.0,-47.5625,16.7996,-343.1154,-89.7551,60.8519,-2.1205,-4.9196,12.2267,1.0893,-0.0003
NN,66,0.0,-119.6649,-0.3085,-3354.228,-101.3648,-20.7415,46.7892,37.4238,,1.1585,0.0281
LSCC,132,0.0,-91.1163,4.9213,-992.106,-96.0878,59.237,-30.8963,-2.7329,11.9114,1.8403,0.4451
EPD,92,0.0,-37.8534,6.9398,-240.6485,-144.7718,11.7796,13.0826,-2.8861,12.3268,0.6822,-0.052
H,65,0.0,-90.9806,8.8553,-312.8243,-155.0688,20.8353,-1.7878,-7.261,12.6214,1.173,0.1493
CUK,75,0.0,-40.932,13.695,-254.7732,-249.9939,19.2167,15.8755,-34.4181,14.28,1.5089,0.4264
DBX,33,0.0,-46.4035,23.6605,999999.0,-127.8703,26621.519,1.8628,,19.0841,1.1216,0.0511
KNTK,92,0.0,-341.1559,4.3026,-102.3948,-214.8831,8.3047,18.6125,-13.4025,12.4592,0.8522,-0.2591
RVTY,18,0.0,-88.4248,10.3657,-167.5615,-117.0454,15.9274,0.162,2.6149,12.5858,1.0382,-0.105
HWKN,135,0.0,-51.4917,9.2927,-496.0621,-103.1299,37.3402,6.0822,-13.3652,12.3962,1.1211,0.4366
EZPW,105,0.0,27.4057,68.7384,-103.8752,-94.7733,70.9676,10.7383,-7.8849,9.6948,0.8091,0.1769
WIT,45,0.0,-35.0322,11.2284,-337.2252,-88.4957,59.3797,-0.7485,-10.546,16.9142,1.0209,-0.1185
JAKK,125,0.0,53.6537,108.1495,-110.6182,-74.9453,124.6488,-2.8831,-26.6735,5.7426,0.9745,-0.2561
CPA,5,0.0,86.7254,29.7017,-154.3102,-148.9174,43.1583,-0.5741,-11.8086,22.1856,0.9958,0.4007
FMC,74,0.0,-45.0118,20.1488,-114.3169,-139.0352,21.9362,-5.3646,-1.7007,17.1051,1.2135,-0.6082
GIL,7,0.0,-30.0369,12.0598,-472.6888,-104.2528,34.6847,2.3367,25.5845,18.74,0.9291,0.3029
SIRI,22,0.0,-14.8229,23.8722,-66.6867,-302.9416,19.735,-2.7901,15.4786,22.5878,1.2589,0.0522
ASC,75,0.0,243.154,42.3103,-60.8155,-84.0926,27.3887,2.4764,-10.6155,32.5106,0.7329,0.3076
CQP,98,0.0,-63.5736,9.5087,999999.0,-151.8569,31.0472,-10.0198,,37.9674,0.7613,-0.1883
BWMX,27,0.0,104.8516,79.8418,-642.7341,-161.6319,168.3444,8.3881,20.5211,13.1396,0.8478,0.3133
FOXA,22,0.0,34.7476,,-205.1173,-108.8272,,13.7296,-11.7493,22.2368,0.7764,0.1308
WEC,113,0.0,-108.3035,6.9567,-265.584,-192.7291,11.5368,-3.6151,-6.0506,25.5666,0.631,0.0657
DEO,13,0.0,-91.3535,4.7967,-1749.8267,-108.0866,35.5115,-0.1184,-9.1798,21.4127,0.918,-0.1202
LOCL,52,0.0,-4421.937,0.9008,999999.0,-2891.5889,1.2196,38.3968,,,1.2722,0.2762
NWE,113,0.0,-91.4979,12.8808,-123.3647,-231.7066,14.3266,6.4519,-2.5988,21.3569,0.7233,0.0572
BBSI,116,0.0,-27.414,26.8858,-480.4835,-102.8167,254.4086,7.0348,-11.1801,5.2232,0.8467,-0.0232
CSWC,140,0.0,,,-123.4374,-191.6087,,-0.1907,-16.9328,,0.8413,-0.013
KRUS,127,0.0,-101.6502,5.3413,-371.4339,-117.2714,26.4657,26.9067,1.2773,,1.6718,0.0354
ABM,42,0.0,-69.4428,,-168.916,-148.2433,,3.2484,1.0056,2.5373,1.0171,-0.106
NJR,98,0.0,-93.0308,8.364,-219.5256,-185.428,12.3208,-8.4796,-10.5342,25.4993,0.7089,-0.0765
SUZ,109,0.0,42.3659,14.1327,-191.1186,-245.997,17.8809,19.7813,27.6604,25.4404,0.8188,-0.0182
BIO,18,0.0,-61.7041,21.497,-104.6884,-96.1293,22.5812,-3.9196,24.8467,10.4812,1.107,0.3012
MITK,35,0.0,-93.0205,38.0981,-174.2967,-102.9926,64.7578,-0.2718,-4.685,2.3204,1.3196,0.1238
VMEO,34,0.0,-41.0184,59.6889,-213.2848,-82.8277,390.6503,-0.0499,-6.95,4.4803,1.6005,0.4725
TRS,67,0.0,-89.2642,15.011,-142.9202,-121.0421,19.1356,3.5208,2.2915,5.0183,0.9532,0.5522
FDX,5,0.0,-21.3057,26.1337,-205.197,-169.8752,44.0198,0.2657,-1.7838,6.8171,1.0788,0.0299
NVGS,75,0.0,4.2061,13.1045,-73.1249,-176.7012,10.8632,2.8947,-1.0778,25.2672,0.7649,0.2411
GDS,34,0.0,-105.4601,0.6965,-1229.2686,-113.0439,4.3903,5.5162,-17.6151,11.4245,1.4807,0.3981
AMKR,132,0.0,-8.0734,22.7259,-109.0043,-91.8128,25.2486,-2.8505,-4.7091,6.9401,1.7013,0.742
STM,132,0.0,-22.9198,31.5308,-110.6185,-75.6139,36.1296,-23.3308,-4.9074,11.3036,1.6031,0.1404
CX,23,0.0,-95.7163,2.1541,-1978.5808,-103.9296,30.5562,-2.1385,-2.9795,11.284,1.3063,0.811
EE,98,0.0,-35.1603,15.7866,-33.5871,-137.906,17.0613,-26.5346,-4.3743,25.2508,,-0.0465
NVFY,62,0.0,-640.6779,82.0321,-151.9373,-76.0294,119.4345,-12.6312,-529.2916,,1.1661,7.6492
GHG,65,0.0,94.7875,87.0299,-120.4783,-188.1219,201.1341,-17.4848,-0.8493,22.89,0.86,-0.2169
DMRC,45,0.0,-171.8511,9.5518,-460.3144,-89.6925,74.2867,10.235,0.9172,,1.7369,-0.2884
EVI,102,0.0,-52.6764,44.4558,-154.7754,-105.6451,63.0769,10.2576,-5.0298,3.5318,1.098,0.5224
TDW,75,0.0,40.3349,16.0124,-200.5783,-111.2827,28.5523,33.8985,-7.0818,22.1512,0.983,0.1406
HD,120,0.0,-52.6718,12.813,-5486.7596,-115.4057,91.3371,4.4836,-536.0153,13.4947,1.0032,0.0436
PK,65,0.0,-166.2505,11.9874,-58.5096,-295.3079,9.6042,-3.827,4.6178,13.4103,1.1159,0.061
AXTA,108,0.0,-41.6623,17.5468,-377.0398,-132.8818,37.5836,1.7747,-10.3215,13.3813,1.1544,-0.1283
TRN,122,0.0,-155.9818,8.3587,-174.6556,-375.6299,9.8702,3.2146,-2.4853,14.0459,1.1829,-0.0029
ASPN,120,0.0,39.9492,39.5316,-85.6833,-69.5223,33.2138,89.6376,-25.9499,12.822,2.0319,0.2305
ITRN,48,0.0,15.5767,25.2741,-369.5216,-90.5171,140.8898,5.0875,-6.1071,21.1874,0.9438,0.0753
IBM,32,0.0,-73.0366,13.2186,-834.0763,-131.8546,52.4544,1.4436,-21.1383,16.0534,0.9307,0.2495
ODC,88,0.0,-23.4841,17.8669,-319.5109,-98.4527,52.5868,5.9479,-18.9252,11.8022,0.7393,0.2081
CNXN,27,0.0,-19.9114,42.188,-183.8334,-52.5981,110.9777,-1.7023,-8.3523,3.4793,1.0157,-0.086
ATOM,132,0.0,-147.5605,0.0113,-528.5465,-82.4322,999999.0,-75.4545,-38.0132,,2.52,-0.2712
GNK,75,0.0,39.7735,19.2291,-61.0661,-105.048,12.0701,10.2106,-1.4849,18.2442,0.8132,0.2507
ASX,132,0.0,-75.7189,7.4934,-339.9618,-110.1373,21.5403,2.3191,-8.7435,6.7865,1.3367,0.6927
TXNM,46,0.0,-118.5024,12.3577,-188.0798,-265.1634,15.9235,1.6502,-7.6427,23.4612,0.6935,0.079
CCCS,33,0.0,-91.6355,12.0014,-275.1123,-110.6156,29.8716,9.0517,-12.2656,8.4785,0.835,-0.043
CTRI,95,0.0,-108.0447,9.1953,-280.3002,-156.0421,15.932,-9.0384,-72.2416,3.2907,,0.1381
TIXT,45,0.0,-161.2255,102.534,-38.5484,-343.6758,65.3519,-1.487,4.5164,4.0671,1.721,0.5882
SITM,132,0.0,-105.5484,3.1514,-533.7313,-90.2322,37.2017,40.7686,1.1769,,2.2505,0.7711
DSX,75,0.0,-49.3175,16.616,-39.4142,-326.9938,10.5019,-12.9299,-3.2792,23.2151,0.8049,0.0755
AEP,46,0.0,-98.287,12.3075,-209.1734,-223.249,17.3695,3.855,-6.7239,23.1107,0.6587,0.1533
UVV,52,0.0,31.036,25.2903,-87.6096,-43.32,23.7167,7.3955,-1.4615,8.3263,0.7866,-0.049
HUN,74,0.0,-139.7838,20.357,-80.7796,-170.3311,18.5917,-1.2273,9.0569,1.2094,1.0744,-0.4361
INTA,33,0.0,-96.9812,8.1744,-938.073,-98.3288,180.4796,17.0948,-28.8978,,1.2596,-0.3518
DXC,45,0.0,12.7249,58.9812,-91.5359,-232.536,58.5979,-5.8242,-13.8291,5.423,1.3149,-0.2533
NTWK,33,0.0,43.8859,133.3256,-69.0226,-9.3097,98.4192,7.6477,-6.8956,5.2986,0.7148,0.7587
CVGW,136,0.0,-41.8636,19.013,-204.2893,-83.2094,46.8438,11.3519,4.0209,2.5279,0.8476,-0.0404
VOXR,114,0.0,-87.986,5.7525,-339.8592,-97.398,23.0714,-10.2581,4.1481,9.9038,0.5972,0.4296
CPRI,7,0.0,-139.567,77.3688,-622.214,-242.139,165.6506,-14.0812,76.75,1.1706,1.8938,0.0876
TRI,119,0.0,-75.8947,6.8761,-653.5527,-103.6844,42.2554,6.8296,-8.5141,26.1229,0.8528,-0.1216
XNET,33,0.0,-78.2731,14.4289,-446.8312,-85.2178,281.82,-11.1002,1.7584,1.8807,1.3154,0.9286
LOW,120,0.0,-57.6655,17.0543,999999.0,-127.8717,142.9956,-3.087,,12.6904,0.9874,0.0294
CCEP,13,0.0,-47.0062,16.4253,-383.9275,-144.8662,40.2962,11.6709,-12.6505,12.4034,0.7622,0.0352
NVTS,132,0.0,-274.8264,10.3973,-103.243,-77.0747,10.8464,4.8404,8.5664,,2.5881,5.733
AMBA,132,0.0,-123.6656,9.0402,-384.1257,-90.7685,55.3854,25.7827,-0.2752,,1.7917,0.6553
PII,67,0.0,-75.5058,35.6837,-179.4113,-151.8141,47.6435,-19.6879,8.9175,4.0499,1.3391,0.644
APOG,10,0.0,-29.2645,28.7438,-206.7072,-119.2706,49.2027,-3.9485,-3.5822,8.6782,1.404,-0.216
GNSS,37,0.0,-226.8527,10.5191,-556.522,-110.2586,61.0741,-48.5502,48.0569,,1.1479,0.0457
SMHI,75,0.0,-387.6454,4.8934,-46.746,-279.796,3.5642,-2.9158,20.2825,,1.0724,0.2024
LITB,27,0.0,-97.2984,31.5915,999999.0,-110.8889,999999.0,-59.4414,,,1.1851,0.8026
ZENV,33,0.0,-70.5561,55.9136,-67.0485,-225.0839,37.7244,18.8345,13.2215,1.4688,1.6079,-0.2703
NPO,81,0.0,-71.0496,11.5297,-241.7798,-115.324,24.2742,-1.0007,-0.07,14.1604,1.2293,0.3824
SCVL,28,0.0,72.625,87.7456,-94.2672,-87.0191,81.5378,2.2964,-11.2458,7.5778,1.2372,-0.1734
LUCK,133,0.0,-88.7223,16.4269,999999.0,-337.4477,41.4021,4.0463,,12.3273,0.9787,-0.1649
BZUN,27,0.0,-147.1002,102.0812,-58.9492,-16.5066,91.5349,6.9248,1.216,,1.4831,0.24
SKM,139,0.0,85.3917,118.1545,-53.622,-274.1618,84.1411,1.886,3.2773,10.2345,0.7224,0.0015
CHRW,68,0.0,-53.4763,9.8441,-700.5043,-104.1789,44.3058,0.7303,-21.3826,3.7751,0.9203,0.5294
GT,11,0.0,-87.4438,38.0826,-52.9752,-413.5479,31.1669,-5.9205,-1.4265,4.8734,1.6157,-0.2325
HLIO,81,0.0,-73.4138,17.4556,-122.5105,-121.3885,20.1711,-3.5543,-1.1467,10.1501,1.1786,0.7712
SXC,138,0.0,18.5328,30.4434,-106.4766,-162.7436,32.7513,-6.0026,-10.1472,7.8672,0.9613,-0.1142
KELYB,116,0.0,-31.2286,132.174,-37.8548,-91.698,61.5052,-10.4204,1.5235,1.4821,0.6341,-0.1201
SANM,47,0.0,-29.2066,15.8688,-176.9808,-64.3875,31.1952,-15.2962,-1.8495,4.568,1.2084,0.7694
DOCU,33,0.0,-79.7834,14.7904,-843.1942,-102.596,226.6363,7.7794,-77.2703,7.7148,1.33,-0.1729
CBRL,127,0.0,-65.0605,85.0177,-196.0843,-248.248,126.6142,0.3723,-4.8938,2.1554,1.4786,-0.1821
AMCR,88,0.0,-95.9707,7.9714,-189.6866,-172.6654,11.331,10.0367,-196.9896,8.7681,0.9387,-0.1721
CWAN,33,0.0,-94.7592,5.3934,-609.9852,-96.0789,40.0675,22.7165,-151.4862,2.7078,1.0986,-0.3116
HTZ,126,0.0,-1828.9023,-2.2961,-811.828,-1654.7096,-2.4534,-3.4361,95.0517,,1.7435,0.3012
NYAX,33,0.0,-92.9411,10.8067,-819.5655,-97.4616,117.3125,33.3439,-69.3258,1.3933,,0.1345
CLS,47,0.0,-28.1021,10.4054,-504.2634,-92.9839,45.5495,21.1657,-7.0582,6.4141,2.0952,3.1815
HZO,8,0.0,-15.9361,58.0443,-50.2433,-162.5142,43.0614,1.5159,-7.3858,5.2746,1.5299,0.1174
MEOH,74,0.0,-37.2037,17.3989,-95.4284,-201.4353,18.1959,-0.0979,-9.5834,8.7294,1.0875,0.0081
PL,121,0.0,-141.4285,16.3945,-243.4569,-88.1384,63.74,10.7188,14.8126,,1.962,2.6034
BIP,75,0.0,-222.1022,6.1858,-45.8646,-570.7436,6.8183,17.3331,12.2384,23.5658,1.0284,0.1559
ZETA,33,0.0,-105.6471,18.4815,-509.7376,-94.673,119.5825,38.016,-274.9175,,2.0847,0.2032
TRX,114,0.0,35.5467,20.6407,-127.2842,-117.889,31.0685,7.4061,-8.1614,26.8235,0.7346,1.177
KLC,102,0.0,-94.7582,26.58,-174.4164,-269.6431,36.471,6.0893,-70.555,3.3741,,-0.5556
TTC,142,0.0,-37.0492,19.0384,-477.8301,-102.6863,68.1251,0.6721,-2.7136,11.6345,1.0742,0.036
WALD,106,0.0,-247.6699,32.8424,-49.9219,-138.9338,21.7458,25.548,5.1134,,0.6477,-0.4074
CELH,13,0.0,-80.614,7.9361,-705.3776,-90.7271,203.5165,2.854,-12.4837,11.4875,1.5244,0.6533
PRMB,13,0.0,-87.3961,9.2574,-380.4213,-146.334,20.6347,9.658,-127462.963,10.9539,0.9682,-0.3703
TKO,133,0.0,-128.02,9.6868,-146.8036,-124.1838,17.3888,67.4265,1.4916,10.088,0.7915,0.1961
PINC,102,0.0,-111.8058,41.7036,-103.6346,-156.4898,43.0471,-10.8592,21.9981,0.1102,0.8434,0.4631
RTX,3,0.0,-79.0754,7.2285,-283.5771,-124.2056,15.7823,17.1474,-0.8349,8.0978,0.8054,0.3532
TLN,46,0.0,-113.6191,5.2928,-711.5646,-135.4125,16.3426,-14.0547,45.2644,7.9595,,0.8561
LBTYK,26,0.0,-272.7183,25.6135,-33.1649,-320.7413,14.8317,5.4935,34.0031,,0.9853,-0.0386
GXO,143,0.0,-54.795,20.4601,-157.9237,-207.6782,27.4319,19.7484,-3.021,3.2454,1.4283,0.3463
SPRU,10,0.0,-1970.9906,6.2532,-26.561,-1671.0766,5.4108,2.815,31.9175,,1.0093,0.3491
RSSS,45,0.0,-53.7814,33.5028,-606.3112,-113.7511,1422.5841,9.9366,-19.1032,4.6856,0.6493,0.2577
GPRE,74,0.0,-342.2085,17.7273,-37.0691,-196.0775,10.2161,-25.3948,11.6679,,1.4125,1.0579
WOOF,105,0.0,-245.9618,99.4545,-83.0451,-429.4266,92.0204,-2.2193,5.9775,0.1153,1.8534,0.0225
BDL,127,0.0,18.5442,68.3212,-59.8786,-177.8284,53.8672,7.9137,-0.6621,3.4204,0.6323,0.3036
AMRK,105,0.0,-143.0625,14.8094,-87.0559,-59.7699,14.4265,13.1928,-6.1667,0.4445,0.9864,0.0924
MLCO,65,0.0,-107.9528,12.6877,999999.0,-210.1682,32.8008,22.8585,,10.8981,1.1074,0.5159
KRNT,66,0.0,-68.0143,20.9371,-124.1091,-35.6516,34.8872,-7.2621,8.6428,,1.6181,-0.2746
CC,74,0.0,-90.1742,21.6326,-318.128,-298.1114,28.775,-4.87,18.1326,7.6617,1.4712,0.0396
ZEO,66,0.0,-923.2055,26.3974,-75.2171,-165.3989,144.5007,-33.2269,12.5421,,0.6869,0.0855
SYY,58,0.0,-43.708,31.5143,-1897.3647,-135.7921,106.2008,3.1135,1.798,3.9227,0.8631,0.016
SON,40,0.0,-165.7437,10.1542,-201.0167,-253.2533,12.8072,-2.5005,5.9882,7.8298,0.9142,-0.1512
LOVE,105,0.0,-25.3666,213.5735,-124.7993,-123.094,299.9789,-2.8042,0.5246,2.0052,1.694,-0.2292
PI,66,0.0,-105.7959,6.9576,-1731.9531,-100.2806,70.2996,19.0376,-339.0847,,1.605,1.43
FUBO,90,0.0,-227.644,16.5548,-590.9362,-156.7173,56.6741,18.3415,36.3051,,2.3674,0.1683
MVST,66,0.0,-165.6096,14.7556,-147.4536,-123.7682,19.0934,23.8682,31.2475,,2.1326,1.9407
RRBI,65,0.0,,,-110.4225,-901.5136,,2.132,-5.2289,,0.8659,0.3057
ALLT,31,0.0,-106.3841,30.4134,-456.3497,-99.8487,199.5301,-1.0252,-0.0924,,1.3585,0.6983
TISI,102,0.0,-343.3608,60.4141,-4591.5814,-372.7988,76.6038,-1.199,96.1883,1.1893,1.56,-0.1199
PKX,138,0.0,-27.5022,26.2591,-8.0961,-58.1888,7.6954,-4.7217,-3.0943,3.305,1.0505,0.2088
ROAD,83,0.0,-80.8028,5.7857,-701.5047,-109.1611,25.5046,16.6507,-11.0664,5.8533,1.4082,0.5209
HURC,66,0.0,-105.7768,56.713,-48.2116,72.5205,21.7111,-18.0956,6.7763,,0.9183,0.1353
POWW,101,0.0,-251.7647,32.2049,-73.6578,-101.9291,22.3847,-8.4174,37.99,,1.2195,0.1429
WAVE,46,0.0,-100.7467,0.0404,-3856.9497,-97.7937,36.0,-45.098,-6.3966,,0.9576,0.1603
XHR,65,0.0,-137.5046,10.2382,-91.4378,-218.0433,9.946,0.5776,2.8208,8.9696,1.0479,0.112
TNL,65,0.0,-26.2309,42.5293,999999.0,-189.7421,80.6924,3.2805,,19.9047,1.2231,0.3538
AMPL,33,0.0,-128.1483,20.6029,-445.2116,-87.2377,400.9232,8.3204,-0.6117,,1.3811,-0.047
WRAP,101,0.0,-187.7624,3.3052,-31275.4824,-105.3998,999999.0,-32.7337,92.0961,,1.4434,0.6024
WFG,59,0.0,-78.9282,31.5653,-90.2123,-99.5058,28.2665,-4.3384,3.7242,1.7655,0.9493,-0.1992
MT,138,0.0,-14.4748,20.4266,-43.1768,-137.3967,10.4448,-8.5449,8.5289,4.9775,1.2164,0.3473
CECO,112,0.0,-69.7999,21.0068,-296.4674,-121.4221,45.1285,2.4022,-6.0642,7.2383,1.1554,1.2501
PACK,40,0.0,-192.4857,18.3339,-79.1503,-191.5581,15.9443,9.6937,4.1783,,1.5088,0.0077
CALX,139,0.0,-96.0689,22.1694,-300.0393,-79.9676,93.747,-20.015,-8.6175,,1.2255,0.7644
AG,114,0.0,-95.4567,4.6536,-149.3394,-112.4761,7.025,-2.2128,0.519,0.9824,1.2312,0.9285
ATS,66,0.0,-130.4136,13.1967,-207.7666,-128.3591,21.1713,-16.4726,-1.509,1.3117,1.1033,0.0298
KELYA,116,0.0,-29.8848,133.9711,-37.1293,-91.5358,61.5052,-10.4204,1.5235,1.4821,1.0801,-0.1307
FNKO,125,0.0,-112.7123,84.6614,-153.0611,-142.4409,113.0084,-4.2183,0.7087,1.2374,1.2425,-0.5476
CENTA,39,0.0,-50.1017,35.6927,-141.6118,-103.3934,47.3277,-3.3118,-7.2089,5.7925,0.9284,-0.1427
MRC,66,0.0,-22.232,46.9518,-193.1205,-115.8555,73.8095,-7.8077,38.79,4.4836,1.0512,0.1933
YIBO,66,0.0,41.2532,101.9016,-111.7679,-45.988,117.1911,-0.2623,-71.8039,5.204,,-0.0254
VTOL,143,0.0,0.17,63.7137,-105.9973,-160.5931,66.2467,9.0997,-8.272,9.1513,1.0366,0.1908
BATRA,133,0.0,-126.5502,4.5136,-518.1693,-128.5012,14.2676,3.4466,0.8172,,0.7471,-0.034
DT,33,0.0,-78.0944,10.2959,-553.2674,-97.0645,91.4167,18.745,-30.0502,10.5631,1.1544,0.0136
HOVNP,63,0.0,1672.1211,58.3803,-12.344,-12.1112,37.4211,9.0312,-37.5669,8.2533,0.4421,0.2533
FRD,138,0.0,-121.0522,31.1751,-76.8945,-28.2611,25.7697,-13.8791,-3.8831,0.6264,0.9738,0.4341
CULP,140,0.0,-197.6408,38.6909,-102.4079,-64.8065,39.5379,-5.3681,24.2864,,0.8488,-0.0979
GES,7,0.0,150.6343,138.1355,-100.8772,-266.6546,145.9782,7.8783,25.0968,5.5537,1.4489,0.5853
WERN,144,0.0,-106.1063,13.6534,-122.7012,-154.6241,16.1014,-7.7524,4.6632,2.2384,0.9163,-0.0927
CENT,39,0.0,-55.6369,32.3279,-159.281,-103.017,47.3277,-3.3118,-7.2089,5.7925,0.9385,-0.1485
EVGOW,45,0.0,-4662.5314,4.7936,-6.7742,-543.7002,8.9956,59.5652,17.8846,,2.4475,-0.1826
SSTK,45,0.0,-8.53,69.3125,-117.8998,-179.4206,78.7037,6.9376,1.6589,7.3464,1.332,0.4066
LBRDP,26,0.0,-179.5817,,-34.1261,-290.9419,,3.5678,-8.7,9.0551,0.54,0.0509
SWX,95,0.0,-118.8632,10.0681,-139.9781,-227.9102,12.0613,-5.917,-8.0352,9.461,0.7223,0.1114
OSW,65,0.0,-53.7836,8.2037,-321.1529,-101.371,25.0941,12.7164,-27.744,8.7636,1.0317,0.2881
F,9,0.0,-268.4438,9.7325,-87.2197,-384.3757,9.3958,4.9951,-4.8133,2.8212,1.3608,0.3412
SG,127,0.0,-109.9371,4.7846,-670.9686,-105.7219,57.4651,15.8867,7.5533,,1.6924,-0.7285
GNE,113,0.0,-47.23,45.6523,-228.3964,-89.2179,165.3272,-1.0207,2.6866,2.8501,0.6987,-0.0176
DNOW,97,0.0,-19.5637,33.9283,-162.1323,-68.997,61.3532,2.2404,-6.1148,5.0147,1.1064,-0.143
HLMN,66,0.0,-87.7621,29.1489,-149.5626,-131.6523,38.4195,-0.2629,-2.4115,6.0302,1.0687,0.0445
BALY,65,0.0,-697.2115,36.0386,-1733.0057,-1093.9386,41.7603,0.0574,95.1401,,,0.4288
HNST,27,0.0,-93.1093,30.7543,-313.1248,-72.4123,146.3073,9.866,-41.553,,1.4289,-0.314
LASR,132,0.0,-148.2052,11.2004,-182.738,-60.0569,28.5303,-5.4178,14.9317,,1.7696,2.8998
ASIX,74,0.0,-35.6902,19.891,-76.6066,-171.4763,16.0971,-1.046,-4.7905,3.8821,1.219,-0.1259
SVCO,33,0.0,-162.0204,92.6844,-133.9639,-50.9998,273.6872,10.0173,-964.4863,,,0.2638
EDN,46,0.0,-98.7845,1.0454,-2500.0321,-103.9978,25.0208,33.8233,-22.2668,2.2254,1.1036,0.033
UEIC,37,0.0,-155.2905,121.0173,-54.877,-2.7332,69.8142,-6.0834,14.4282,,1.3314,-0.3812
DXLG,28,0.0,12.3692,694.1294,-56.4407,-227.3284,234.0312,-10.5018,5.1896,1.0781,1.1321,-0.3088
OSS,32,0.0,-208.9317,18.6622,-185.2425,-53.7581,42.4177,-10.1852,31.3531,,1.2191,1.0756
WSO,66,0.0,-60.0731,10.1188,-671.6765,-91.7433,89.5901,4.5931,-17.126,9.8614,1.1105,-0.2779
GIII,7,0.0,166.7049,123.7674,-72.9063,-52.6162,86.3267,2.6645,-8.4949,9.4715,1.1765,-0.0115
HUHU,81,0.0,-113.6491,7.1151,-1362.7883,-98.9233,67.6179,8.4658,-12.8818,,,0.4333
AGYS,45,0.0,-85.0106,8.4223,-786.4639,-102.0925,79.3138,16.0698,-12.4363,8.5025,1.2335,0.7876
PMEC,42,0.0,-121.4358,54.0542,-204.1422,-91.7039,101.0377,2.5164,2.5234,,,1.1987
MYPS,33,0.0,-51.9667,463.5378,-63.7194,-55.6284,159.8933,-5.565,15.1329,,1.1735,-0.2504
CAL,134,0.0,86.8807,154.5626,-98.0044,-166.8535,153.5589,-3.3582,-6.762,5.7672,1.3446,-0.3317
GEVO,74,0.0,-214.851,3.3194,-55.2147,-58.6224,1.3379,-1.657,12.182,,1.8296,1.0265
IEP,10,0.0,-206.1096,15.3634,-92.772,-125.1225,19.6563,-17.0082,23.9091,,0.8792,-0.0117
YETI,125,0.0,2.7507,40.9473,-389.0868,-90.0654,232.5836,10.3188,-2.2798,13.4095,1.3936,-0.004
LWAY,107,0.0,-53.4298,13.5542,-521.611,-92.7717,88.0235,16.6728,-18.987,7.4146,1.1273,-0.0274
ORCL,33,0.0,-72.8641,8.2888,-1938.067,-129.0347,39.5489,8.3798,-126.9618,31.45,1.3036,0.8302
QSR,127,0.0,-39.9338,8.5504,-439.6199,-181.7208,17.5957,19.7095,-2.389,27.6469,0.9054,0.0241
ODFL,144,0.0,-59.0447,5.611,-850.4696,-101.2239,48.2088,-0.8752,0.3106,26.5529,1.2883,-0.1873
WLFC,67,0.0,-33.928,12.6186,-208.9411,-301.1702,15.311,36.41,-25.1445,46.486,1.2159,-0.1721
ASR,3,0.0,-86.0827,1.2265,-2359.5508,-99.7262,32.5012,21.3431,-19.4247,55.9152,1.0355,0.18
KYIV,139,0.0,18.1195,19.1726,-245.3994,-97.0192,39.1506,0.4391,-21.7587,38.6885,,0.1847
MAR,65,0.0,-61.1458,6.3117,999999.0,-138.0354,46.1253,5.2129,,57.1939,1.0586,0.0903
HLT,65,0.0,-73.1656,4.6569,999999.0,-130.0958,49.716,6.7139,,52.3926,1.0197,0.1279
OLED,47,0.0,-52.5397,8.2388,-405.3171,-87.8725,44.4206,12.3615,-11.6982,36.8703,1.5476,0.0904
DLNG,75,0.0,202.3314,22.0736,-28.4188,-303.512,11.685,-2.5405,-8.1566,49.4997,0.7418,-0.0331
GSL,75,0.0,329.9433,30.1237,-53.9343,-173.4699,19.8217,5.8217,-23.5643,52.955,0.8648,0.3715
SCCO,82,0.0,-19.5372,7.4793,-801.0829,-104.4179,47.9117,15.5379,-23.4855,48.5831,1.1266,0.5459
APP,34,0.0,-80.7764,3.4897,-9060.662,-102.3401,91.8352,43.4396,13.2538,39.7826,2.3481,1.1634
CLCO,75,0.0,-39.981,12.9322,-37.9579,-551.0625,9.72,-10.7565,5.589,50.5253,,0.7918
ADBE,33,0.0,-49.1951,11.4058,-1206.1608,-102.1272,161.619,10.7991,14.6083,35.9963,1.3623,-0.1242
WLKP,74,0.0,188.0573,24.9443,-94.6509,-127.6796,35.7862,-4.61,3.1458,34.3732,0.6169,-0.1493
PAYX,42,0.0,-64.1951,6.9095,-1333.3474,-105.7072,54.2447,5.417,-8.603,40.8078,0.9803,-0.2263
ZJK,81,0.0,-88.8167,4.6898,-1000.3305,-94.084,73.2627,30.1293,-38.5415,5.0261,,-0.4337
PAYC,33,0.0,-39.8432,13.1712,-771.587,-99.8289,131.9192,11.1885,-20.944,33.682,1.2738,-0.1439
TGS,92,0.0,-78.2206,2.191,-1302.8618,-100.5259,32.3591,24.7148,-19.8655,43.3049,0.9551,0.1712
YALA,34,0.0,132.7319,118.5943,-121.1905,-30.0685,503.7895,6.5223,-24.0179,35.976,0.8278,0.3664
RMBS,132,0.0,-54.5501,8.6758,-502.2339,-91.4053,69.8891,20.7121,-7.956,32.1646,1.7345,1.0649
MAMA,136,0.0,-75.8899,12.6381,-978.5591,-99.3884,133.5185,18.4941,-27.1437,3.879,0.9839,0.7269
AI,33,0.0,-140.6125,10.7148,-351.1818,-74.8295,246.6799,25.2668,4.0133,,1.6242,-0.2147
AD,139,0.0,-137.6509,31.0923,-89.7727,-208.1774,29.223,-3.4818,0.9884,3.8462,0.8142,0.0351
LRCX,66,0.0,-24.1856,9.8379,-944.9895,-96.2726,113.0818,23.6841,-15.483,32.0086,1.7436,1.1874
RDCM,35,0.0,-26.8205,50.3207,-192.965,-55.4233,4508.2669,18.2345,-15.9836,5.0599,0.9464,0.1733
HOLO,34,0.0,165.1006,999999.0,-17.665,468.1732,588.4248,42.6189,-1021.0732,,0.8212,-0.8548
KVYO,33,0.0,-96.0058,9.3311,-827.5159,-90.9461,469.5694,34.2881,-13.0316,,,-0.1906
ZIM,75,0.0,1575.9945,999999.0,-46.0102,-319.6654,137.7536,63.2521,-64.4711,29.5441,1.3665,-0.0464
CALM,52,0.0,361.6787,65.9883,-163.3497,-65.2282,157.6677,83.1932,-42.791,36.0506,0.6251,0.0191
BZ,34,0.0,-75.2688,6.0085,-777.7524,-90.7328,2171.0145,23.4488,-11.4201,16.134,1.191,0.192
GRND,34,0.0,-74.3261,7.2514,999999.0,-114.8687,257.4225,32.71,,26.8683,0.5256,-0.2261
DDOG,33,0.0,-90.689,6.7308,-1281.9546,-94.5191,1564.6488,26.1195,-34.0192,2.0223,1.2138,0.5338
RERE,105,0.0,-14.7205,400.7586,-84.9334,-10.89,237.4026,25.9346,0.4556,0.1774,1.1486,0.2259
SNOW,33,0.0,-112.5011,4.9193,-1709.0544,-99.8963,376.537,29.2147,42.0752,,1.5167,0.7523
INSG,139,0.0,-87.203,48.2409,999999.0,-129.9182,1607.0311,14.3216,,1.3815,1.9043,0.92
INUV,2,0.0,-164.7003,149.1228,-375.3735,-104.8171,651.4448,13.3705,20.6535,,1.5135,-0.1947
FLNC,66,0.0,-3.9173,98.6636,-103.599,-38.0035,180.6434,21.6677,-9.1329,0.9865,2.1985,3.1728
GCT,27,0.0,214.1585,97.7288,-146.6616,-119.4993,277.5101,64.9603,-39.5298,11.2702,,0.979
SEMR,33,0.0,-76.5484,26.7968,-520.9899,-87.5179,1011.363,22.4718,-18.7402,2.2048,1.3653,-0.2317
DSP,34,0.0,-88.558,55.3864,-81.4615,-7.6213,191.3324,29.7402,0.1144,1.2025,1.4342,-0.3724
NET,33,0.0,-100.9686,3.175,-3940.6783,-99.7829,270.2923,28.7552,-37.1083,,1.5166,0.902
ONON,134,0.0,-70.1691,13.2044,-835.3438,-93.1087,341.8531,29.3622,-29.53,9.1231,1.4582,-0.1253
BRBR,107,0.0,-61.9329,6.6325,999999.0,-104.394,127.1894,20.3625,,19.9239,0.7703,-0.5989
PAYS,45,0.0,-80.6475,30.2465,-385.0544,-89.3377,163.6488,22.8883,-24.3156,1.807,1.399,1.4589
ELF,106,0.0,-54.3226,24.0444,-497.2711,-96.5131,107.6938,28.2817,-18.4077,12.0308,1.4773,0.8705
SN,37,0.0,-42.9021,20.7599,-641.0694,-97.5821,113.383,26.699,-30.9068,12.9874,,0.0531
MIND,66,0.0,82.6208,51.0817,-169.6986,-48.3766,95.3219,28.3566,-20.719,14.5488,1.1748,0.8505
FET,97,0.0,-3.6263,64.3142,-79.0286,-92.5787,55.0079,10.4973,22.4735,4.3737,0.8695,0.563
GOOGL,34,0.0,-30.3276,11.139,-588.6433,-97.1649,84.7705,13.8662,-14.717,32.1098,1.2515,0.8432
SND,84,0.0,-66.518,42.4732,-38.9432,-123.393,17.6195,5.2028,-0.6369,1.3058,1.0665,-0.0937
MDB,33,0.0,-93.2895,12.0953,-521.1477,-83.7466,330.1149,19.2175,-160.2669,,1.7368,0.8898
APPN,33,0.0,-121.3199,20.5392,999999.0,-107.98,805.9578,13.1397,,,1.4549,0.0122
TGEN,66,0.0,-129.1552,18.3041,-571.6694,-96.7883,157.4397,-10.0236,30.8945,,1.2914,3.0862
RDNW,45,0.0,-267.4396,65.3845,-286.0888,-427.1597,76.2124,-11.5047,65.2462,2.0344,1.3945,0.2374
ONTF,33,0.0,-122.3859,290.9116,-138.3659,-35.1762,999999.0,-9.5457,11.5444,,0.9667,0.021
BRLS,107,0.0,-195.373,1.3551,999999.0,-137.1334,7.5019,-7.2558,,,0.6972,-0.4286
ACEL,133,0.0,-28.1426,31.1164,-337.65,-151.6311,64.791,4.8968,-30.6965,7.5281,1.033,-0.0137
DRS,66,0.0,-60.8808,8.4444,-349.9745,-93.3958,31.6695,14.4374,-9.9785,9.06,0.966,0.1004
BATRK,133,0.0,-129.2434,4.8934,-470.4478,-131.3923,14.2676,3.4466,0.8172,,0.7677,-0.0107
XYZ,33,0.0,-34.6803,28.9932,-168.8463,-86.9981,55.3056,10.0633,-13.5995,6.992,1.7947,0.3223
PZZA,127,0.0,-62.6042,20.2428,999999.0,-176.4495,143.4751,-3.0413,,7.2221,1.1996,0.2798
LION,90,0.0,-154.8613,17.1733,999999.0,-314.2113,38.9911,6.1875,,7.4084,0.589,-0.1781
DAVA,45,0.0,-75.4104,20.3225,-142.6672,-108.5345,27.4982,4.2523,8.8382,4.0799,1.1719,-0.5074
MRT,126,0.0,-247.6492,-24.7604,999999.0,-135.9095,999999.0,-5.3647,,,0.4483,-0.2213
FLO,107,0.0,-31.265,51.5796,-274.2124,-133.9289,103.4841,0.2486,-4.3152,7.1717,0.5483,-0.3377
LAD,128,0.0,-55.2815,26.5579,-120.5465,-205.0078,28.4553,16.5771,-6.3108,4.0165,1.2107,0.0589
CGAU,114,0.0,142.362,55.3106,-79.189,-70.6857,36.7711,8.5792,1.0946,19.9482,0.8959,0.8003
LOT,9,0.0,-630.0789,1.4417,999999.0,-288.5334,22.7082,36.1323,,,0.69,0.0538
ALG,66,0.0,-39.1774,18.7908,-213.3018,-79.8948,39.6067,-3.6184,-9.1654,10.1202,1.036,-0.0057
OPAL,92,0.0,-1779.1683,10.7328,-9.9038,-724.9078,13.5602,17.1271,-1.6497,3.3346,0.6848,0.4506
ZKH,120,0.0,-100.2705,1.0889,-4528.7945,-98.0764,101.4593,0.5221,3.5165,,,-0.1501
ALGM,132,0.0,-106.6844,6.429,-512.8198,-99.5095,27.8164,-30.9102,17.7267,,1.7638,0.1636
MRTN,144,0.0,-78.0986,11.8288,-146.1359,-105.3005,17.4116,-14.8258,-1.3911,2.9313,0.8852,-0.2879
MODG,125,0.0,-120.842,76.497,-51.1801,-390.0598,57.1216,-1.0619,37.9171,4.9442,1.5158,0.3752
PSMT,41,0.0,-5.8647,32.2447,-241.6563,-100.5141,81.765,11.3517,-1.4382,4.5752,0.8748,0.3669
ERIC,121,0.0,-69.0165,50.3165,-259.5929,-118.6778,155.6553,-5.8747,4.5427,2.5161,1.0459,0.3295
CABO,26,0.0,-84.9246,23.3085,-86.4009,-386.4942,22.2205,-6.242,0.7317,30.7374,1.1793,-0.439
GLW,139,0.0,-85.0055,9.4625,-355.5724,-119.9305,25.8947,4.2104,6.724,8.6522,1.2215,0.9589
MSI,121,0.0,-65.8238,7.1982,-4227.0825,-108.4444,98.1831,8.4085,-132.6116,24.859,0.924,0.0025
CPK,95,0.0,-60.3152,7.6046,-210.5316,-166.8304,11.6818,17.3874,-11.5641,29.497,0.7129,0.0006
QLYS,33,0.0,-48.5102,11.4579,-987.4071,-97.262,518.4172,9.5793,-29.5898,30.8106,1.1652,-0.0504
IHS,139,0.0,-36.4967,17.4888,999999.0,-306.8421,33.1702,-19.4922,,29.2976,1.1195,0.2911
BRSL,133,0.0,-33.9609,14.7792,-131.7813,-173.7478,17.0785,-0.6722,-5.53,28.8615,1.1487,0.2359
HSY,136,0.0,-22.9724,14.3459,-692.5838,-111.5405,58.8187,0.3338,-15.0172,26.131,0.6655,0.0272
ASML,66,0.0,-55.2166,6.6848,-1216.8988,-99.6362,139.0373,2.556,-37.3495,31.9238,1.7552,0.6125
UNP,122,0.0,-52.32,6.3999,-842.6925,-132.6577,23.4643,1.0633,-14.2142,42.5803,0.9108,-0.069
PKOH,67,0.0,-2.0326,31.6138,-92.0256,-126.2718,30.8993,-0.2109,-16.2815,5.3737,1.0776,-0.0618
NTES,33,0.0,-81.9921,2.9286,-1662.2603,-95.7793,383.7958,1.7658,-11.2505,28.0962,0.892,0.376
VLTO,47,0.0,-55.1265,12.004,-1191.2631,-107.3395,87.6376,3.4256,-47.2282,23.2621,,0.0105
MTD,18,0.0,-61.0419,8.7699,999999.0,-108.4184,127.2454,2.2187,,29.1051,1.2664,0.1911
ECO,75,0.0,4.2366,14.1924,-167.9586,-179.4907,18.1245,-4.8092,-0.5623,41.4376,,0.6026
LOAR,83,0.0,-88.1926,2.6821,-660.5191,-101.8352,15.1574,26.8813,-160.3201,22.9887,,0.0459
SCI,102,0.0,-57.7712,6.6688,-697.4117,-230.8504,17.2426,0.8375,-8.9003,24.7828,0.8718,-0.0101
NXPI,132,0.0,-59.2806,12.4955,-512.0294,-114.1881,41.0222,-4.9864,-6.3728,27.525,1.5293,0.0668
KO,13,0.0,-62.9481,8.6079,-1146.5809,-114.899,51.0218,2.8566,4.032,29.7954,0.6831,-0.0276
DPZ,58,0.0,-71.8603,8.9206,999999.0,-129.8364,223.5403,5.069,,18.68,0.9324,-0.1267
LNW,45,0.0,-42.9272,19.4401,-1247.8003,-143.6995,52.3666,9.8553,16.8627,23.9021,1.4115,-0.2008
CTAS,60,0.0,-72.8715,6.022,-1788.0196,-101.8321,75.5848,6.8434,-8.5282,29.5851,1.0814,-0.1079
VLN,132,0.0,-127.2708,36.6883,-157.2539,-42.8017,292.1418,-31.252,13.1561,,1.0289,-0.1896
TRP,92,0.0,-117.6954,4.668,-181.6574,-206.0074,6.8156,3.7989,1.6612,42.0158,0.797,0.0472
SLNHP,45,0.0,-381.2945,8.3353,-216.3116,-176.7312,22.8988,80.4851,48.7209,,0.6996,0.8871
RDW,83,0.0,-169.2792,5.396,999999.0,-134.4992,179.6162,24.7338,,,2.0261,-0.152
RPD,33,0.0,-102.162,27.5174,-9837.7096,-146.1552,137.82,8.5251,,4.151,1.3027,-0.3338
HLLY,10,0.0,-66.7002,29.7554,-72.4641,-231.7916,25.9951,-8.713,4.5334,12.2992,0.9159,0.1401
CAKE,127,0.0,-25.8317,50.472,-592.2671,-186.2382,186.2714,4.1342,-39.4241,6.195,1.2024,-0.0152
SID,138,0.0,-108.1842,25.0778,-73.8853,-525.4091,24.6293,-2.6914,21.4669,7.8921,1.2661,0.0874
CSTE,23,0.0,-167.8504,999999.0,-31.0428,-13.8494,55.9935,-21.5859,15.1969,,1.203,-0.5244
TORO,75,0.0,-346.201,3.535,-14.541,8.7444,1.6416,0.402,-8.5607,,,0.5469
SEG,133,0.0,-255.4318,16.8414,-47.284,-93.0526,7.1706,-3.9993,-48.4522,,,0.1289
LGIH,63,0.0,-84.2099,17.5573,-77.2006,11.1721,15.2286,-6.6134,-9.7626,9.6316,1.397,-0.3673
AEO,28,0.0,112.0635,107.0816,-130.7262,-129.8527,148.3725,1.2711,-1.7332,8.3485,1.306,0.3866
WMK,57,0.0,-16.4146,70.9431,-145.9627,-89.3668,116.6051,1.6379,-5.2166,2.7591,0.5551,-0.1923
BDC,139,0.0,-61.4729,18.5994,-324.278,-118.1934,44.8871,-2.0344,-11.0121,10.8274,1.1871,0.1433
ARCO,127,0.0,59.1532,24.9662,-335.1326,-212.1158,51.0072,3.1922,1.4337,7.2596,1.0291,-0.1048
YSXT,11,0.0,-9.6513,11.2457,-241.8258,-57.9744,27.865,22.0439,-48.2284,7.1099,,-0.0088
ERJ,3,0.0,-78.6124,3.3691,-1006.6442,-105.0629,31.7396,21.3761,-10.0451,10.4336,1.3493,0.4292
BW,24,0.0,-473.3402,35.5814,999999.0,-1168.108,105.7819,-1.3724,,4.148,1.6599,5.7454
COHR,48,0.0,-94.4514,12.6752,-123.8751,-118.5691,18.1483,23.4176,-6.7328,9.2072,1.9244,1.0441
RAMP,45,0.0,-67.3283,40.1303,-183.4526,-77.9076,100.311,13.0247,0.0291,1.7969,1.2332,0.0203
PRPL,62,0.0,-556.511,166.0298,-409.234,-293.2889,388.762,-4.4392,82.5192,,1.5646,0.0427
REZI,148,0.0,58.1953,42.1544,-82.702,-154.7393,41.3261,8.3146,-20.371,8.4603,1.2335,1.3601
JBSS,136,0.0,-0.1138,23.6878,-217.9593,-84.2145,46.9373,3.793,-11.8049,7.4836,0.653,-0.119
TSN,76,0.0,-72.3631,12.0393,-118.4629,-138.3089,13.6435,0.8094,-1.4188,2.6431,0.697,-0.1771
DTI,97,0.0,2.9064,68.905,-71.7476,-139.9651,54.9703,1.5865,-35.2565,8.6943,0.5553,-0.1008
RPID,18,0.0,-306.4239,-0.1592,-158.214,-50.5584,-0.4427,24.5659,36.1364,,1.4303,0.0361
MAXN,132,0.0,-4768.5655,-82.4476,999999.0,-879.1735,999999.0,-54.6751,,,2.4619,0.118
BROS,127,0.0,-85.2923,4.5951,-946.7399,-118.8304,48.0695,32.641,-13.011,8.2819,1.6214,-0.0768
APTV,10,0.0,-19.7871,17.3789,-157.2424,-145.7458,23.3926,-1.6857,23.2945,10.3231,1.4383,0.3769
URBN,28,0.0,10.7635,42.7785,-206.9288,-107.1951,103.5246,7.7122,-16.9921,8.5353,1.3023,0.2096
PRLB,81,0.0,-60.1419,28.7601,-131.1891,-85.0378,39.3608,-0.5686,3.6163,5.0978,1.3546,0.4569
ESLT,83,0.0,-70.2709,9.2303,-524.8204,-107.7555,42.693,14.2789,-11.2087,7.4688,0.7106,0.2365
FORM,132,0.0,-61.9925,16.4771,-233.7601,-80.0465,51.2301,15.1556,-4.2874,5.7882,1.758,1.0533
MEI,47,0.0,-245.2708,37.2178,-32.4589,-115.7751,18.0095,-5.9578,9.4909,,1.8161,0.0787
VENU,133,0.0,-154.2096,1.9548,-261.2397,-102.2542,6.0138,41.569,-111.0647,,,0.4898
CXM,33,0.0,-65.5946,34.2347,-353.0757,-86.9131,446.5771,8.7435,9.9515,3.0098,1.2197,-0.1017
MATW,81,0.0,-204.3577,37.6609,-153.4329,-205.879,45.1638,-4.5276,16.7672,0.2452,1.2452,0.0566
BL,33,0.0,-94.313,15.6053,-642.7567,-107.1207,100.2978,10.7357,-66.0636,3.1004,1.274,0.1436
WGO,63,0.0,-31.2047,31.6189,-78.9849,-108.6108,26.4555,-14.8165,6.9293,4.3888,1.224,0.0727
GME,49,0.0,-54.0725,20.7048,-205.6453,-56.1211,648.3702,-27.4958,-268.2803,,1.5074,0.0304
JFB,61,0.0,-93.2741,14.4427,-593.3085,-88.0487,138.5566,-28.6662,5.3864,,,3.431
AGCO,66,0.0,-24.3856,31.5631,-169.3952,-121.6559,47.6873,-19.0843,13.1829,7.9524,1.1458,0.1769
LVWR,89,0.0,-204.6118,-3.5043,-372.8641,-84.105,-25.224,-29.9556,44.0817,,0.9471,1.6209
XPEV,9,0.0,-108.2136,2.2046,-909.491,-100.4669,48.7082,33.2189,13.9112,,1.4753,0.0975
KT,139,0.0,-74.1411,128.6103,-33.3069,-226.4392,72.6297,0.321,3.101,3.3443,0.8424,0.1036
UTZ,107,0.0,-177.3538,19.2164,-83.2376,-185.5441,23.3156,-2.0133,-0.2935,4.1854,0.7569,-0.1358
PRCH,33,0.0,-181.213,23.0328,999999.0,-167.2275,125.5961,1.7537,,,2.4345,1.1917
JCI,66,0.0,-73.3864,12.4497,-315.2314,-123.7578,30.7719,2.7809,1.882,10.5263,1.1814,0.3728
IPGP,132,0.0,-61.2299,19.0963,-133.4167,-55.8123,30.9021,-24.1025,16.1843,1.4816,1.2478,0.3606
LCUT,66,0.0,-15.6734,93.0744,-45.449,-118.499,64.2875,-0.5433,0.4141,3.9657,1.2218,-0.2367
MLGO,45,0.0,-31.0178,22.0959,-160.427,-37.8174,403.6857,-8.0155,-221.0093,3.7188,0.4266,-0.9836
CASY,128,0.0,-62.1043,20.1499,-468.5699,-122.2739,65.9409,6.4465,-16.3591,5.1276,0.9808,0.1946
BWA,10,0.0,62.5022,30.9264,-110.7828,-126.4504,34.0666,-0.7888,5.9347,9.2503,1.1485,0.4816
ODP,105,0.0,202.9868,274.1125,-54.7901,-383.6104,161.9955,-10.6481,26.703,2.475,1.4411,0.8749
ASUR,45,0.0,-119.0031,32.496,-132.4663,-98.9127,43.5334,0.5962,-2.9532,,0.909,-0.1694
FERG,87,0.0,,271.2766,0.0,999999.0,101.3426,3.8029,-3.8462,8.7316,1.1384,0.5228
IQ,38,0.0,-94.7859,6.3692,-785.1031,-121.3039,32.2651,-9.2177,-9.7567,6.8804,1.1501,0.0388
RGS,102,0.0,151.1752,57.6982,-24.6202,-890.4133,28.8094,3.5235,-226.8635,9.6562,2.2375,0.6045
JBHT,144,0.0,-65.2123,12.3569,-380.2618,-115.2394,37.8893,-5.7871,2.1749,6.8769,1.0593,0.1025
AN,128,0.0,-44.2321,32.3918,-265.963,-186.2136,44.743,-0.6523,-11.1197,4.5814,1.0327,0.1734
CARS,45,0.0,-80.186,51.5386,-146.5363,-149.3543,64.9296,4.2876,-3.9376,7.571,1.4083,-0.0945
MYE,111,0.0,-26.2905,33.6331,-166.6365,-168.3203,43.6607,2.8551,5.2213,7.9754,1.2473,0.4299
TTMI,47,0.0,-39.3728,18.6161,-137.4897,-111.8177,24.1337,9.4145,-3.4933,6.5436,1.3914,2.0138
MED,107,0.0,24.7238,999999.0,-71.1111,-6.0978,930.8552,-43.8029,-4.2823,0.4777,1.1392,-0.1083
CMC,138,0.0,-1.1738,23.9201,-124.3746,-80.1718,29.3343,-9.9274,-4.3413,8.751,1.171,0.2726
HMC,9,0.0,-29.7,25.696,-143.8436,-132.4649,37.8792,6.1676,2.9068,5.595,0.9971,0.1421
ACI,57,0.0,-21.9338,112.8227,-372.9458,-232.3136,212.2714,1.4492,-23.2357,2.0734,0.5644,-0.1654
CE,74,0.0,-159.5775,12.9273,-110.0742,-291.4138,13.677,-6.0329,25.7283,10.0875,1.5378,-0.3181
KULR,47,0.0,-116.7359,1.7718,-589.9183,-91.4546,19.4968,9.2299,,,1.6167,-0.6191
CVCO,63,0.0,-41.4243,12.0975,-396.8418,-84.7815,67.6225,12.2948,-3.0163,9.4408,1.2403,-0.0445
MPAA,10,0.0,155.4975,51.5258,-71.3475,-194.0119,41.3091,5.5275,9.6142,7.3697,1.3587,0.7844
LSPD,33,0.0,-112.392,58.7394,-79.6238,-50.6536,40.7242,18.4275,31.0244,,1.5377,0.337
HTLD,144,0.0,-144.5799,12.1989,-86.93,-151.6849,10.9011,-13.2466,4.9304,,0.958,-0.1622
FCN,116,0.0,-24.0315,23.0341,-256.4635,-91.1721,73.9722,6.0016,-13.9733,9.6141,0.6273,0.0505
TKC,139,0.0,-60.1561,7.0509,-299.3122,-107.6502,19.5229,7.7712,-5.9413,13.9557,0.718,-0.014
POOL,67,0.0,-66.035,12.0703,-956.3593,-102.9676,73.4099,-4.162,2.9953,11.6213,1.0946,-0.1276
PBI,94,0.0,-21.7672,34.5083,999999.0,-257.5869,124.2202,-2.517,,15.4174,1.2962,0.2132
MAT,125,0.0,-14.7872,36.44,-289.5814,-114.0158,85.1584,-1.1334,-5.3467,12.906,1.1165,-0.0423
WFRD,97,0.0,140.3624,42.019,-301.8551,-104.8544,97.6959,7.3612,-39.154,17.0143,0.9933,0.3647
ATI,138,0.0,-41.1668,10.0829,-390.2028,-103.2035,28.7029,4.514,-32.0635,12.7439,1.1705,0.8907
VST,46,0.0,-42.8148,12.2435,-772.2056,-154.6318,35.093,6.9328,-4.9042,27.6472,1.6755,0.5579
LILA,26,0.0,-332.6605,32.209,-78.0263,-781.489,32.7346,-1.058,29.6012,11.9504,1.194,0.1783
ESOA,146,0.0,23.5601,26.8124,-281.7712,-90.9528,62.7396,15.7092,-69.6903,5.637,0.8162,0.1543
TKR,81,0.0,-36.7642,21.4017,-163.6882,-116.5253,30.8263,-4.1099,-10.4241,13.3545,1.1489,0.1375
PWR,50,0.0,-71.7701,8.266,-532.6227,-107.7711,32.6577,13.3635,-16.6529,5.5044,1.4012,0.7248
TNC,66,0.0,-28.9104,34.0206,-243.7979,-97.1978,76.3041,3.4657,-7.5739,8.8832,1.0053,0.009
XRX,35,0.0,-392.0377,53.6246,-46.3221,-766.3468,47.4921,-9.6573,52.9582,2.5559,1.4573,-0.3418
AFRI,107,0.0,-184.7629,6.9377,-4387.4493,-169.4517,17.184,-9.1838,81.7983,,0.6173,0.0427
AA,6,0.0,-3.0226,19.7531,-153.4552,-143.9618,27.9861,12.7381,11.7707,6.9609,1.4237,0.2703
DAY,33,0.0,-94.3043,8.0682,-370.2902,-104.7695,25.5137,16.2714,-6.1755,5.9148,1.4103,0.1528
MTZ,146,0.0,-73.5131,13.9869,-325.9083,-123.0723,33.8244,2.5636,-9.7779,3.5466,1.3577,0.8138
LBRDA,26,0.0,-122.8526,,-118.8404,-154.8308,,3.5678,-8.7,9.0551,1.1896,-0.3195
TILE,62,0.0,0.4346,34.7667,-242.3766,-107.0865,69.7218,4.2933,-14.8378,10.2159,1.4214,0.314
AEYE,33,0.0,-114.7492,18.992,-1546.6914,-105.2574,263.4606,12.4058,-40.6888,,1.6174,0.1928
GO,57,0.0,-67.3927,75.5774,-111.4465,-208.3477,82.0031,10.1285,1.8006,1.7918,0.7833,0.0452
HITI,105,0.0,-19.3232,69.5399,-148.6161,-106.8933,108.006,7.1026,-8.8624,2.9324,1.0957,0.6146
CCS,63,0.0,83.3766,28.2384,-79.4854,-1.7742,24.3919,19.1243,-9.8,10.1466,1.2736,-0.0892
TTSH,62,0.0,-82.9746,84.3314,-236.8927,-123.4248,223.5045,-7.9744,-2.6945,1.0133,0.8766,-0.0399
GILT,121,0.0,-10.7306,47.0873,-117.6169,-61.8116,60.5883,14.7912,-10.8294,5.9179,0.9792,1.301
KORE,139,0.0,-1235.5128,49.8532,999999.0,-1210.9749,89.5929,3.4261,,,1.1663,0.4143
FSLY,33,0.0,-196.5326,30.1694,-97.3001,-101.8728,29.3886,7.4484,1.4536,,1.6796,0.211
XPER,33,0.0,-194.026,143.2655,-80.5819,-80.2481,109.0152,-5.3029,-10.8339,,,-0.1474
BKSY,121,0.0,-223.4666,24.694,-262.9497,-119.8528,50.0442,8.0441,-0.8909,,1.9678,1.6104
VTSI,88,0.0,-46.3944,49.846,-107.6526,-47.1732,54.7628,-32.0704,-5.3517,7.576,1.0272,0.3753
BBUC,50,0.0,-577.2519,5.2592,-75.6406,-767.5928,6.326,6.8611,44.6429,0.7675,1.1337,0.3155
FLS,56,0.0,-39.9119,19.493,-316.0754,-106.6069,49.7922,5.4907,-3.8815,10.0094,1.1493,0.3939
NOK,121,0.0,-27.2227,45.8889,-116.895,-101.7112,56.3832,-9.0737,-0.5769,8.179,0.9744,0.3981
NIO,9,0.0,-342.2763,10.3802,-418.5832,-156.976,54.1956,18.2243,54.3636,,1.5935,0.89
VIK,75,0.0,-52.068,10.2872,999999.0,-136.2585,80.0051,13.2341,,20.1555,,0.44
CCOI,139,0.0,-178.73,9.5753,-1290.8676,-185.7989,26.936,10.1158,63.4409,,0.8902,-0.2672
DLHC,116,0.0,92.2748,38.1692,-52.3989,-362.1686,30.4483,5.3383,-7.5098,6.2889,1.0304,0.394
CRI,7,0.0,52.1353,86.5632,-174.5776,-128.3338,145.2671,-3.4456,-1.1017,10.0112,1.2217,-0.2412
VERX,33,0.0,-97.5282,7.287,-3243.7498,-107.6837,203.5331,16.4904,29.1046,2.2904,1.0317,-0.3722
MYRG,146,0.0,-83.6655,14.519,-321.2511,-97.7933,43.2488,-7.7284,7.8074,1.4046,1.518,0.8848
JOBY,3,0.0,-138.8272,0.0018,-519.1382,-85.629,999999.0,-86.8217,11.7946,,1.8931,1.8195
MG,83,0.0,-4.5096,44.9735,-161.9939,-143.23,60.8492,3.4256,-4.4052,6.1037,1.0683,-0.0693
BZFD,139,0.0,-222.6358,117.95,-77.4958,-100.333,90.417,-17.5984,3.8144,,1.2045,-0.2454
AMC,90,0.0,-404.9895,67.4836,999999.0,-894.2007,183.8198,-3.6446,,,1.2759,-0.0764
NUKK,116,0.0,-232.9784,3.0688,999999.0,-124.4003,999999.0,-72.2342,,,-0.1886,-0.491
PUBM,34,0.0,-59.6576,60.8685,-163.423,-72.7584,139.1824,9.0789,6.393,1.3483,1.3953,-0.1019
VATE,81,0.0,-432.998,28.6933,999999.0,-805.7316,45.9709,-22.1996,,3.613,1.9336,-0.265
SIFY,34,0.0,-102.6485,7.2024,-886.3496,-120.4515,30.2225,11.9315,-11.381,5.6582,1.8231,1.7656
BZH,63,0.0,3.8634,28.8753,-52.5895,52.6722,20.6615,5.5924,-11.7238,6.1379,1.5927,0.0973
FA,45,0.0,-190.5671,9.0404,-197.0144,-182.3876,12.5338,12.6275,-44.1482,,1.0805,-0.1143
NRG,46,0.0,-50.282,19.5851,-819.0792,-157.8909,48.9448,-1.897,14.7281,8.2018,1.3051,0.7466
MLKN,94,0.0,-38.5107,57.6007,-95.6902,-216.6756,57.6418,1.1438,8.4921,5.3217,1.16,-0.1503
EVGO,45,0.0,-495.9933,3.1615,-78.0507,-138.5098,8.9956,59.5652,17.8846,,1.6862,0.4981
DOW,74,0.0,-92.6586,12.3413,-132.2669,-192.6603,14.8265,-3.7157,6.5784,4.4339,0.9707,-0.2592
GENI,133,0.0,-110.5926,6.2721,-377.7461,-96.8211,27.8459,23.71,0.1072,,1.3721,0.1333
REX,74,0.0,21.083,23.8911,-102.3462,-42.8384,32.1506,-22.9058,-9.5312,10.0124,0.8776,0.6669
NXDR,34,0.0,-147.5787,126.6039,-129.9346,-29.6096,774.9293,13.2688,18.8108,,1.6289,0.2597
GHM,66,0.0,-41.9956,17.3024,-273.5392,-99.6674,53.9398,13.1314,-13.2723,7.236,1.1369,1.0625
HUBG,68,0.0,-60.5026,17.345,-136.7802,-116.169,23.5925,-6.0961,-3.5057,3.5226,1.049,-0.0551
GCI,93,0.0,-182.8961,66.3718,-313.831,-401.2103,85.5778,-5.7906,51.898,2.8299,1.4483,0.2646
NIPG,133,0.0,-145.969,1.3046,-92.3406,-112.9265,1.233,1.9098,,,,-0.1634
DNUT,57,0.0,-211.3116,72.329,-71.7068,-303.9629,61.6891,-1.2281,7.8614,,1.2136,-0.2281
RELL,48,0.0,-59.0896,54.2577,-99.1524,-16.4488,53.661,6.3367,0.8186,1.2575,1.0108,0.0094
SAM,13,0.0,-37.4737,34.6443,-304.6926,-96.9056,126.8842,0.2114,15.0049,7.1004,0.8661,-0.1355
HAIN,107,0.0,-154.3574,32.8959,-76.9782,-251.7313,29.6978,-10.1657,49.6237,3.5742,1.0316,-0.6765
TPCS,81,0.0,-185.8791,14.4395,-261.09,-141.2415,27.2247,7.7237,-12.0082,,0.899,0.9274
QTWO,33,0.0,-104.9304,7.0298,-964.9939,-103.8991,62.8941,11.5013,-15.456,,1.4468,-0.257
MOV,39,0.0,9.765,237.8631,-73.3519,-24.989,128.3781,-1.6573,4.8165,3.0633,1.0072,0.1207
DVLT,132,0.0,-423.8911,0.803,-47.3445,-118.0306,0.4089,28.3725,,,1.4744,2.4231
IBEX,45,0.0,56.6332,54.2141,-248.4439,-97.3505,145.076,9.7733,18.9929,8.3491,0.8174,0.5012
CTKB,18,0.0,-69.5387,45.6515,-130.2713,-42.8501,89.9032,3.8536,-0.68,,1.4086,-0.0351
ORN,83,0.0,-53.0333,43.5759,-142.2474,-94.5068,62.6357,11.888,-24.0412,1.0828,1.4363,0.8564
AZTA,66,0.0,-94.5827,22.8707,-91.2192,-63.9068,20.1524,-1.3155,30.2045,,1.3575,-0.1474
HIMX,132,0.0,-90.8176,9.735,-280.8474,-81.396,22.8274,-4.0856,-3.7773,7.5233,1.9768,0.3048
GSAT,139,0.0,-104.6567,6.0911,-733.0801,-133.6413,34.974,11.8588,5.3027,,1.283,0.9962
OXM,60,0.0,5.5345,102.5095,-146.1012,-136.962,148.1804,-3.4658,-10.9903,7.8472,1.1842,-0.3507
SBSW,114,0.0,-98.0932,2.4999,-460.2802,-118.5787,8.5287,-1.3678,6.4294,3.2855,1.3349,1.3841
PETS,129,0.0,-94.7379,268.3521,-87.4536,-68.2959,189.8105,9.5429,12.0355,,1.0934,-0.365
WFCF,33,0.0,-58.3604,18.4408,-596.8692,-98.5208,133.3417,2.4309,8.1893,8.5722,0.4014,0.0964
URG,114,0.0,-219.0058,-5.1223,-189.1804,-78.5328,-15.8131,91.2858,-77.3728,,1.3795,1.4203
LHX,66,0.0,-73.2358,10.7201,-203.4994,-134.4928,17.7051,9.8151,-3.9832,9.7397,0.7264,0.3665
AUDC,139,0.0,-18.9196,72.9307,-145.5837,-93.2716,122.199,-0.9031,-1.968,7.0986,1.1134,-0.0498
LUMN,139,0.0,-398.1745,31.8714,-879.174,-801.4813,38.8629,-9.954,-11.271,3.639,1.635,1.7598
BLNK,67,0.0,-380.7132,91.8397,-82.297,-52.7752,61.4776,-11.6065,58.983,,1.5162,0.7171
CWST,51,0.0,-93.3857,6.6317,-466.9205,-114.5793,23.0333,23.15,-51.7765,6.8083,0.8972,-0.2644
SWBI,101,0.0,-70.8004,27.5823,-109.3394,-76.3365,29.8328,-11.4162,6.8665,4.5019,0.8922,0.0667
GAP,28,0.0,53.695,88.0886,-250.2149,-139.8554,287.4885,1.3231,-25.7803,7.3711,1.6107,0.0771
JJSF,136,0.0,-49.6411,19.9558,-262.2237,-97.7314,55.0179,1.0217,-4.9864,7.4643,0.7532,-0.3249
LBTYA,26,0.0,-279.0208,25.9502,-31.9973,-328.7962,14.8317,5.4935,34.0031,,0.9967,-0.0695
MSC,65,0.0,-153.3337,8.2649,-462.3172,-171.711,15.4829,43.4547,11.3122,5.9686,0.8019,0.0928
KMT,66,0.0,-53.1228,28.0241,-123.5219,-107.114,33.5641,-3.911,-2.7975,7.9543,1.1381,0.0638
COST,41,0.0,-75.2792,7.6189,-1805.5401,-102.3983,174.6667,5.02,5.7307,3.649,0.9053,-0.052
FND,120,0.0,-65.6415,21.8629,-405.9976,-115.1977,88.4876,0.949,-12.3858,6.7275,1.4128,-0.1583
SRI,10,0.0,-199.1853,72.1227,-54.0891,-71.5082,50.4668,-6.9196,14.7565,,1.5538,0.4739
BH,127,0.0,-54.0143,23.7844,-117.2002,-118.2509,28.6245,-0.877,4.3997,6.3814,0.9601,0.6932
GRPN,2,0.0,-97.1137,58.6457,-1803.1325,-134.0467,763.137,-4.3411,,0.9542,1.6502,0.0871
NCMI,2,0.0,-109.0882,22.9454,-137.9527,-95.7163,33.2948,55.2547,5.3625,,1.0234,-0.302
ESTC,33,0.0,-95.4033,12.5143,-1040.1725,-96.5407,1106.7099,17.0419,-25.61,,1.5645,-0.0548
ASST,33,0.0,-152.6201,-2.609,-1496.9985,-94.4465,-2404.4765,55.4464,-45.367,,,1.2727
TV,22,0.0,-100.6477,0.2134,-8810.0496,-100.7021,12.5514,-5.9828,17.0613,0.452,1.4549,0.6281
CMTL,121,0.0,-909.9992,42.5944,-9.6302,-258.3599,25.0113,-1.7438,11.6585,,2.3504,0.7975
PAMT,144,0.0,-233.8141,3.0229,-95.6834,-195.0465,2.9494,-11.8599,11.6824,,1.4467,-0.1239
UPWK,45,0.0,-45.984,38.4481,-314.9788,-83.8579,191.2671,11.6362,-50.9879,8.4757,1.3185,0.2606
SHMD,66,0.0,-164.7363,16.5816,999999.0,-145.9794,106.9007,-0.4182,,,,0.0526
MGA,10,0.0,78.7073,41.9358,-79.9354,-159.0615,36.6886,0.0911,2.745,4.9398,1.2843,0.3485
SABR,34,0.0,-235.6142,16.8133,999999.0,-586.4208,33.0701,4.1898,,9.4455,1.5869,-0.29
DSGR,67,0.0,-103.123,30.5664,-209.2136,-125.5975,46.9088,14.8817,3.1829,3.1015,0.9383,0.0406
CMI,66,0.0,-35.1151,17.1079,-384.6494,-109.0008,52.4064,0.1086,-14.1761,9.9173,1.0474,0.3939
LAZR,10,0.0,-1356.8089,-4.8531,999999.0,-261.1187,-26.4682,8.0483,,,2.3973,-0.5902
CEVA,34,0.0,-80.5475,20.6689,-232.319,-69.4091,91.5063,9.7722,-0.8379,,1.7516,0.0633
MCHX,116,0.0,-113.2066,57.7041,-203.4833,-78.6906,155.7938,-3.5824,9.0243,,1.1969,0.1645
LSTR,144,0.0,-54.1547,12.9348,-548.4941,-90.6028,133.7764,-9.119,1.1672,4.9589,0.924,-0.1757
WOW,26,0.0,-317.0981,26.6226,-204.3086,-370.2789,31.5058,-8.4069,19.1325,1.0808,0.9739,0.0199
LIDR,10,0.0,-1876.5498,999999.0,-53.7597,62.792,999999.0,-86.2022,47.8896,,1.8969,3.4257
REVG,9,0.0,-52.4961,16.8667,-391.2301,-96.7455,60.0,-9.7726,12.6305,4.4702,1.2921,0.8369
HOFT,62,0.0,-182.8397,72.7449,-52.0785,-65.3136,40.3303,-8.2546,9.555,,1.1688,-0.1041
AAP,8,0.0,-265.9735,153.8077,-105.8253,-203.0604,163.1116,-1.246,13.8819,,1.2225,0.4565
CXDO,139,0.0,-72.6809,31.1063,-270.236,-90.3769,111.626,14.3593,-15.2422,2.9981,1.2109,0.2425
DBI,28,0.0,-149.9092,203.6712,-64.5275,-623.9592,176.6285,-2.1371,22.2707,1.3334,1.688,-0.0481
SLAB,132,0.0,-110.4535,9.164,-350.8101,-86.2983,44.735,-25.295,10.6447,,1.5833,0.1289
CCRN,116,0.0,-44.6037,68.6832,-114.7924,-65.2041,81.3018,-33.4562,10.412,1.6871,1.1497,-0.1866
FMX,13,0.0,-88.768,4.9911,-1677.3585,-101.9873,92.8453,10.85,-0.73,9.0783,0.8106,-0.0056
AMBP,40,0.0,-171.2857,12.461,999999.0,-326.7745,19.9115,1.995,,4.1157,0.9999,0.2417
DLTH,28,0.0,-356.0889,372.1269,-35.6316,-226.7242,153.0626,-3.1008,18.2348,,1.1256,0.6319
COOK,37,0.0,-283.2253,41.9138,-79.8743,-224.857,38.4081,-0.2987,5.1203,,1.5297,-0.4314
CARR,66,0.0,-72.6327,9.1759,-392.9022,-121.4734,26.3434,18.6534,-59.8556,9.3302,1.1536,-0.0653
AXL,10,0.0,45.3862,29.231,-82.524,-623.2266,28.1398,0.7468,6.9598,4.4311,1.4268,0.6253
TTWO,133,0.0,-116.9866,7.7346,-1749.3188,-110.0106,70.6667,5.3088,62.2841,,0.8716,0.1925
KFRC,116,0.0,-42.2448,39.7528,-606.1733,-96.633,206.1545,-8.2551,2.8049,4.9613,0.9183,-0.4801
SKY,63,0.0,-40.2358,13.4351,-351.0616,-89.8199,62.3517,22.6501,-8.582,9.5445,1.3599,-0.3031
ESGL,51,0.0,-109.941,7.0818,-519.3643,-111.8128,30.8327,-1.0447,-83.438,,,1.0537
TWNP,127,0.0,-227.016,9.2084,999999.0,-267.9569,21.696,53.2488,,,,-0.4394
UNFI,58,0.0,-142.9046,119.7571,-109.3609,-242.8093,125.0222,2.1528,5.3016,0.3179,1.1162,0.3646
SWIM,111,0.0,-109.9572,15.3275,-200.9028,-128.2992,25.1074,-10.2335,3.0005,3.5942,1.7713,0.0938
IFF,74,0.0,-100.2403,14.5182,-142.7839,-133.7165,18.3951,0.0436,4.9925,7.3842,0.9364,-0.1854
CSPI,45,0.0,-88.5678,15.0111,-321.6057,-76.4667,90.4143,-14.5838,-2.4313,,1.0607,-0.1434
FRPT,107,0.0,-92.477,9.2046,-395.619,-101.9016,33.5019,27.1591,-10.6881,3.8966,1.2582,-0.399
FLX,144,0.0,-86.7519,18.4317,-456.1581,-88.7545,61628.5176,-1.3395,,,,0.7595
AVAV,3,0.0,-81.3137,8.9139,-404.4471,-88.8041,36.3887,14.4976,-7.7499,7.2084,1.2156,1.9134
JYNT,91,0.0,-91.3907,25.0131,-906.8895,-92.5935,999999.0,10.0303,16.5258,,1.3308,-0.3565
TLYS,28,0.0,-407.7384,774.6817,-65.4625,-265.0486,276.3875,-8.6072,30.3709,,1.5292,-0.3105
CRSR,35,0.0,-134.1614,32.1392,-151.3642,-95.4793,47.7561,-9.8293,10.7392,,1.7091,-0.0726
ALM,103,0.0,-122.8177,0.1993,-2145.1041,-123.1689,1.0409,28.1031,19.4504,,0.8262,1.0868
MTLS,33,0.0,-31.7155,86.2166,-98.0999,-79.7133,83.9106,4.153,-5.0293,3.5357,1.6666,0.2159
LPTH,132,0.0,-170.7797,11.7208,-551.8018,-143.3774,64.3374,17.2616,48.1956,,1.1456,3.0149
TZUP,45,0.0,-134.6496,0.0021,-826.2237,-88.5652,0.8574,-63.8184,-1264.6987,,0.4632,0.1026
