Ticker,Industry,Score,BAB_1,UMD_12,UMD_6,UMD_3,STR_1,STR_0,Beta,Performance
VUZI,121,0.008697279073099957,-1.7402,-55.9796,-56.8579,-19.5349,27.1676,-0.8,1.7402,-0.0635
ZJYL,67,0.008685038849988029,,,809.026,408.8,48.5849,3.8235,,-0.2141
FLYX,143,0.008679211521555898,,,,,67.7511,-3.4014,,-0.057
KHC,107,0.008669643192154991,-0.761,-5.0098,9.0706,-1.098,-7.6514,-2.8045,0.761,-0.1342
APYX,79,0.00862196146343969,-1.9086,-35.6037,-53.7778,-10.7296,28.8462,-15.625,1.9086,-0.0946
MVIS,66,0.008541134990045152,-1.7777,-5.7143,-7.9681,-14.1264,26.8398,-0.0,1.7777,-0.3728
ETHZ,19,0.008448796785207978,-1.3579,-93.6803,-74.6647,-39.9293,34.9845,-7.1429,1.3579,-0.2143
SRL,30,0.008367201967768313,-1.2055,-4.2997,21.5334,24.5819,18.9262,7.0769,1.2055,0.1623
RTX,3,0.0082874594254237,-1.1839,-6.8116,5.5372,9.8047,-9.7439,-2.5921,1.1839,0.025
LCII,10,0.008226867930346165,-1.6696,14.904,-0.0758,11.7081,7.2324,-0.2671,1.6696,-0.1197
ACIU,19,0.008143958966412342,-1.759,65.9483,13.9053,13.2353,29.8701,4.9296,1.759,0.4333
CLNE,92,0.008054302771500474,-1.6664,-34.0611,-28.9412,-17.7112,16.5563,-2.0243,1.6664,-0.0794
ITRG,114,0.007988941979803259,-1.924,28.3394,-19.2962,-22.8013,-2.1097,-3.5663,1.924,0.2534
WTI,95,0.007887572614935053,-1.2585,-48.663,-31.005,-8.7613,8.2437,-12.1951,1.2585,-0.1994
KGEI,95,0.007794526497606866,-0.7737,-22.9698,-24.2009,-22.2482,8.1325,3.481,0.7737,0.1311
ALVO,14,0.007757448632464611,,12.3307,58.5513,66.7725,27.665,8.8,,0.0737
SRDX,79,0.007658556002083939,-1.4129,45.7727,-11.4088,-3.9533,15.9027,4.3956,1.4129,0.5562
KOS,95,0.007574559270176117,-1.3755,-17.7632,-17.1088,-7.1322,5.92,-3.8869,1.3755,-0.0527
SRAD,34,0.007545403944621903,,-19.8052,-14.1616,-3.2321,-15.587,0.7819,,-0.0368
MMI,123,0.007501831584263467,-1.4621,6.7531,9.5897,4.1155,10.0272,0.4893,1.4621,-0.0578
THCH,127,0.007324552764197119,-0.9807,-73.6,-45.2282,-31.25,20.4545,10.2564,0.9807,-0.3571
RGTI,45,0.007265110907494218,,148.0,1.087,55.0,26.3441,9.2715,,-0.3073
AGEN,14,0.007210062328852085,-1.9952,-65.333,-52.518,-15.3846,22.7273,5.5556,1.9952,0.4
DOMO,33,0.007139455502719425,-2.393,-25.0975,6.1751,13.1631,21.7014,-0.7821,2.393,-0.1364
SYPR,66,0.007008556210973336,-0.7431,-10.7843,-12.0773,-5.2083,9.3407,4.6243,0.7431,0.1212
KRO,74,0.006949487015520785,-1.4851,-13.1393,10.7753,1.5469,-31.5556,-0.766,1.4851,0.0813
PROP,55,0.0068599756644925815,-1.3637,277.4,-10.8504,-37.9503,11.7117,15.2738,1.3637,0.2029
ASA,114,0.006773618265050361,-0.9198,-5.7716,-5.633,-11.873,-12.1758,-3.8692,0.9198,0.1458
MSCI,123,0.0067095399652237235,-1.4155,10.5259,5.0337,7.4595,4.1009,1.7021,1.4155,-0.0908
AUDC,139,0.0066368209123902335,-1.666,-11.7922,34.926,23.4835,8.1218,4.3051,1.666,-0.1807
INTR,30,0.006554619860947424,,200.5076,45.4545,18.8755,3.5473,3.7099,,0.0285
BBIO,19,0.0064752504594686715,-1.491,227.4816,16.5141,15.1584,19.1692,3.2258,1.491,-0.1351
STM,132,0.00640382445004695,-1.5947,-0.7651,0.5828,-1.2768,10.9472,2.4872,1.5947,-0.0355
VECO,66,0.006318185514636938,-1.4897,70.9125,23.0821,28.706,5.9079,-0.8716,1.4897,0.3592
DUOT,33,0.006235044416796846,-1.1988,-9.5745,-24.6454,34.4937,18.1176,22.6667,1.1988,-0.1897
IOVA,14,0.006174206399347778,-1.7304,135.8146,173.0081,168.2109,17.9869,1.9929,1.7304,-0.4386
TOI,80,0.006074215449451915,-1.3126,31.5385,48.6957,11.7647,9.9415,8.8757,1.3126,-0.7013
BIRK,134,0.0060298512654997066,,,,-1.2797,5.5196,2.313,,0.2273
ACHC,78,0.00591151885931565,-1.2599,15.4502,8.3742,13.7151,9.8226,1.3802,1.2599,-0.127
RWAY,55,0.005820332690930654,,22.4079,7.023,9.0257,8.5714,-0.4959,,0.0003
VERA,19,0.005758954626418658,,578.7293,165.0485,255.0578,16.8702,1.7557,,-0.1449
BEPH,46,0.005663351199197456,,11.0016,12.5966,13.0812,2.8691,5.7971,,-0.0083
FRHC,70,0.005592500728386318,-1.3248,7.4483,-24.5501,-8.0019,9.3173,1.7561,1.3248,0.0818
GHG,65,0.005510263226164838,-0.9418,-23.1679,-39.9261,-10.9589,4.3077,2.2013,0.9418,-0.2058
GMED,79,0.0054381504073344935,-1.2133,-6.2823,0.4057,18.3438,4.8301,-0.3874,1.2133,0.3132
PRA,118,0.005353002598205509,-1.1293,-33.924,-28.0973,1.4832,4.1538,-2.8902,1.1293,-0.0233
SKM,139,0.005269652388003572,-0.8823,22.5431,14.6651,1.84,3.3093,4.1804,0.8823,0.0164
MGX,14,0.005226406667417925,,,,,14.5,9.364,,-0.5877
GRRR,33,0.005139913536786707,,-88.6405,-44.0506,43.0421,14.0272,-1.3333,,-0.6526
BEDU,102,0.005047225692243605,-1.3262,-3.0769,163.8743,121.0526,24.6032,5.9406,1.3262,0.0842
UHG,63,0.004952703318379278,-0.8378,-30.1383,-14.303,-9.8214,3.9604,-0.8915,0.8378,-0.1355
MIRM,19,0.004880658604951186,-1.05,24.2888,10.7035,-8.5312,13.8709,-1.1637,1.05,0.336
HQH,53,0.004794555401728638,-0.9558,3.6528,7.977,16.4991,3.695,1.6177,0.9558,0.1096
BCAL,73,0.004708492486208827,-0.6584,-10.7122,2.8475,0.9987,3.9552,1.2203,0.6584,-0.0604
TDY,66,0.004646881328559548,-1.1315,-1.7682,1.0629,3.9069,0.5953,0.2314,1.1315,-0.0897
CHSCN,52,0.004542881752240989,-0.5888,10.3535,6.0606,2.7651,0.8089,1.8774,0.5888,0.0236
BNT,118,0.004482162679438109,,25.2379,18.895,14.6849,2.1088,1.2454,,0.0364
BAER,123,0.0043824451103822715,-0.257,-18.0464,-26.1194,-15.529,-3.0303,0.5848,0.257,-0.3686
PLD,124,0.004330147126683206,-1.3174,11.0535,9.4904,14.5438,6.0113,-0.3516,1.3174,-0.0907
PFX,55,0.0042343624047996705,-0.8259,17.5194,19.6842,20.6366,4.0457,0.9083,0.8259,0.0885
EA,133,0.004153307634422932,-0.8114,26.1097,17.1175,2.3358,6.1368,-0.9549,0.8114,0.0524
CCBG,73,0.004089970820172927,-1.1532,-20.3461,-7.4049,1.6222,2.435,-0.7752,1.1532,0.0433
SSBI,73,0.004008680078965852,-1.0769,-29.1767,-29.9203,-17.9553,2.3766,3.0853,1.0769,-0.1346
CCLD,33,0.0039532444506081045,-1.6143,-61.4286,-15.625,29.8077,11.8518,-2.5862,1.6143,0.9244
QVCGA,27,0.003919539241723852,-2.9322,-11.3208,80.7692,54.9451,19.8582,-0.8929,2.9322,-0.3982
SGRY,64,0.0037910907852278203,-1.8342,-5.0822,-16.5373,-8.3994,10.1635,4.0082,1.8342,-0.1535
DFDV,55,0.003684766032922515,,,-3.4483,8.6207,3.1746,12.2302,,-0.3172
CGEN,14,0.003669055038698071,-2.6301,230.0,131.579,277.1429,11.3636,6.4,2.6301,-0.2778
XPRO,99,0.0035316742229658236,-1.0509,-20.1186,-20.017,20.5112,-4.0827,-0.8736,1.0509,0.1503
PKBK,73,0.0034655124733688836,-1.4417,-13.4464,-0.7291,-9.0318,1.239,0.3571,1.4417,-0.023
TVTX,19,0.0034008624718557365,-1.8496,-64.3407,-47.0746,22.5857,10.5464,7.0013,1.8496,0.1491
WTS,81,0.0033055688762532306,-1.2869,18.7504,9.6941,5.0299,-0.034,1.0754,1.2869,-0.1198
DEA,124,0.0032170954131861074,-1.1186,-14.2312,-8.3409,-2.6101,3.899,-0.2681,1.1186,0.122
OVID,19,0.0031409154548409897,-1.0621,39.3443,-3.9548,6.4163,10.2941,-1.6667,1.0621,-0.7466
OFLX,67,0.003064346048702712,-1.2246,-40.2361,-15.7645,-4.3281,0.8932,1.1069,1.2246,-0.2523
IDYA,19,0.0029860231682641994,-1.1767,166.091,55.257,46.1271,10.212,2.3759,1.1767,-0.1875
NRIM,131,0.0029049751125045866,-1.3882,-2.2569,17.3589,-5.0796,0.5886,2.8152,1.3882,0.2227
IVA,19,0.002818492053799055,-0.8521,-20.0396,10.4372,-6.4352,10.193,3.9683,0.8521,-0.2149
CNQ,95,0.0027433260026395786,-1.1519,28.3062,13.5069,7.4204,-9.6347,-4.1012,1.1519,-0.0683
SSTK,45,0.0026786405095787784,-1.4428,-31.3663,20.2658,10.0907,12.6797,4.7069,1.4428,-0.1757
MVO,95,0.002581826532813321,-1.0369,-8.5716,-14.4754,-13.0046,-9.8135,-7.4928,1.0369,-0.132
BRSP,124,0.0025123074746546577,-1.3642,19.5126,5.9647,2.6008,3.5223,2.3988,1.3642,-0.0741
PECO,124,0.0024073448303943944,-0.4653,9.1873,5.9285,0.3229,3.341,1.9479,0.4653,-0.0378
CPBI,131,0.0023377686979901835,,,,2.7163,0.0979,0.3906,,-0.0098
IONQ,45,0.002316845722031424,-2.6132,123.9496,-39.1205,-21.6752,12.1951,-2.7442,2.6132,-0.2372
ABUS,19,0.0021871704090638366,-0.9021,-0.7117,36.0976,37.4384,9.6774,-1.2048,0.9021,0.2421
SVRA,19,0.002109229302570342,-0.9422,101.5625,34.375,32.3077,9.4961,4.888,0.9422,-0.0792
ESE,139,0.0020373476584152465,-1.2504,7.7108,-4.9137,-4.4941,-1.8441,0.1762,1.2504,0.0092
IPX,103,0.001970986388766637,,158.5702,91.2102,64.2232,-0.9327,-2.5034,,0.0772
APOS,71,0.0018552247217098411,,,5.418,2.4401,1.4222,1.3113,,0.0213
TERN,19,0.0017977958112974477,-1.1141,-26.9,36.1266,40.0383,9.1655,-7.7922,1.1141,0.012
GPMT,124,0.0017199324025163822,-1.3147,-3.5544,-4.4456,-12.1851,2.6501,2.6501,1.3147,-0.3437
HOPE,73,0.0016479490798734172,-1.4981,-8.5053,13.612,7.1336,-0.5505,-0.0913,1.4981,-0.0099
NOG,95,0.0015516598024746065,-0.9698,16.805,-13.5051,-2.824,-10.853,-3.9782,0.9698,-0.038
PLTR,33,0.0015171507579975771,-2.1652,212.798,64.2292,22.9896,8.8648,8.7184,2.1652,0.1369
MHLA,118,0.0013961344234261765,-1.0558,-4.5679,2.1486,-0.7665,-1.599,2.8235,1.0558,-0.0854
INFY,45,0.0013266719598975557,-1.1873,12.5501,14.6609,11.8443,11.3464,0.9578,1.1873,0.116
MOH,78,0.0012390829078286914,-1.0574,39.3694,24.7294,6.74,1.6244,8.9666,1.0574,-0.2334
AEF,54,0.001155383537536336,-1.0276,5.078,1.4665,5.5133,-1.6185,-1.1928,1.0276,0.0634
MKTX,70,0.0010820189222279773,-1.2531,-37.7947,-8.067,-8.8752,1.7328,0.0746,1.2531,-0.0928
MLI,81,0.0010146610115520471,-1.3859,39.362,34.2248,21.8091,-1.9677,1.2474,1.3859,0.094
FIS,123,0.0009308522889236816,-1.2505,12.3078,24.362,16.5707,-7.0393,-1.9364,1.2505,0.0255
GOOD,123,0.0008522378022558059,-1.2672,2.6582,0.8474,-0.3872,-7.1233,-0.6731,1.2672,0.0825
OGE,46,0.0007597278950664756,-1.0019,-3.3576,-0.3558,-6.3716,-5.2071,-3.5361,1.0019,0.0381
CCS,63,0.0007011958689838025,-1.5198,50.0574,15.5971,16.9009,-1.8434,4.2106,1.5198,-0.1188
CGEM,14,0.0006251607545223486,-1.2998,63.6605,70.5991,113.7413,8.2118,-1.2515,1.2998,-0.04
MHD,70,0.0005110671902052197,-0.6524,8.6409,9.5932,4.7589,1.148,0.7557,0.6524,0.0298
WAFDP,73,0.0004466771402978512,-0.9822,-9.8816,12.5181,11.3445,-1.7306,-0.9304,0.9822,-0.0485
FHB,73,0.00037716191906326054,-1.3151,-16.5517,10.5739,3.1157,-1.778,0.4699,1.3151,-0.0043
OCCIO,145,0.00027569759032430825,,10.3925,4.0851,3.9239,-1.6286,-2.1583,,0.0202
CARS,45,0.00022460727847644526,-1.3703,-2.0537,-0.7471,0.7584,10.3226,1.0089,1.3703,0.1391
OXLCP,71,0.00010875928062806233,-0.5299,10.783,6.8365,2.7519,-0.0026,0.4263,0.5299,0.0237
CHRW,68,0.0,-1.0281,-24.9461,-15.0514,-10.5323,2.2469,0.8376,1.0281,0.2012
WLYB,21,0.0,-1.0555,-22.1371,-6.8257,7.9291,-14.9474,-1.3524,1.0555,0.081
BBCP,50,0.0,-1.0258,3.934,8.4768,5.8823,5.0061,-0.1287,1.0258,-0.2404
AENT,44,0.0,-0.3162,-65.5102,-15.0754,70.7071,-19.5266,1.9417,0.3162,0.4604
CVS,129,0.0,-1.0943,-6.1903,14.4362,8.8065,0.0271,6.934,1.0943,-0.2133
PZZA,127,0.0,-1.0209,-15.9433,-8.1229,4.0194,3.932,-2.7213,1.0209,-0.3207
LNG,98,0.0,-0.9541,-3.3765,-6.1759,-13.7707,-1.5495,0.7137,0.9541,0.103
SGML,82,0.0,-1.0948,-54.5117,-49.9371,-48.8111,9.2279,-25.5208,1.0948,-0.1853
UNMA,1,0.0,-0.7521,10.6485,11.8553,4.6061,-1.3815,0.2997,0.7521,0.0469
EPR,124,0.0,-1.0193,11.0008,-3.2094,-6.3185,1.3091,0.595,1.0193,0.0366
ZVIA,13,0.0,,-59.7297,-43.5606,-27.3171,29.5302,-7.1429,,-0.3714
BIPI,75,0.0,,-3.1738,7.8216,13.962,-1.9183,0.6443,,-0.032
OABI,15,0.0,,39.0588,1.3722,28.4783,10.6599,-1.7341,,-0.3049
TOYO,88,0.0,,7.796,3.7998,2.1898,-0.0089,-0.0983,,-0.8072
SWIM,111,0.0,,-0.3077,-12.6685,30.6452,-12.037,2.4194,,-0.2011
CNCK,55,0.0,,1.7857,1.1834,0.1953,-0.5848,-0.1456,,0.0291
CNTY,65,0.0,-1.9733,-69.1489,-55.7927,-33.1797,-3.7931,1.9544,1.9733,-0.1694
GSBC,73,0.0,-1.238,-7.9173,1.6712,-2.9049,-1.868,-0.9286,1.238,0.0654
ACGLN,118,0.0,,14.167,13.6578,3.5583,-2.8042,-1.8756,,-0.0556
OPCH,80,0.0,-1.3145,0.1559,-7.0871,6.1818,0.4047,2.618,1.3145,-0.1391
DVA,86,0.0,-1.2058,56.7688,23.2353,21.6758,-6.3977,0.1553,1.2058,0.0253
API,33,0.0,-1.4799,-14.5963,-2.4823,1.476,7.6364,-0.7937,1.4799,-0.1417
JBHT,144,0.0,-1.2012,10.3775,6.5192,7.3441,4.1164,-0.6453,1.2012,-0.1802
PLOW,36,0.0,-1.4521,-31.0913,-19.84,-11.698,0.7208,-2.5935,1.4521,-0.0728
FTAI,85,0.0,-1.3067,143.3838,56.6344,37.6863,-16.1824,-0.8545,1.3067,0.611
ALNT,47,0.0,-1.7935,-33.5763,-18.7786,7.8664,-15.7255,1.0015,1.7935,-0.264
NHC,64,0.0,-0.8819,80.5299,45.3834,24.8378,6.3144,1.5058,0.8819,0.2366
SFBC,131,0.0,-0.6407,2.7863,7.8122,10.4587,-1.8948,-0.2207,0.6407,0.0341
INTC,132,0.0,-1.5809,69.5908,20.4397,0.4766,-0.2738,-4.644,1.5809,-0.29
BDX,79,0.0,-0.8215,2.0957,-14.8601,-0.8304,-2.8413,0.3555,0.8215,-0.0451
KMI,92,0.0,-0.9251,6.8619,5.3758,-0.0046,-5.4983,-2.8476,0.9251,0.0873
MSI,121,0.0,-0.9874,28.9419,19.0178,3.4578,-5.2202,-1.2831,0.9874,0.1014
KGC,114,0.0,-0.9979,39.7938,1.5111,-14.4781,-24.1186,-10.0,0.9979,0.2839
COHR,48,0.0,-2.3039,47.9832,69.073,66.0649,7.2003,1.307,2.3039,0.237
BARK,105,0.0,-1.9712,-7.4074,-21.875,54.8947,5.6,4.8387,1.9712,0.4661
JYNT,91,0.0,-1.898,-36.3168,4.9894,6.8035,-26.8959,-0.6415,1.898,0.0669
GT,11,0.0,-1.837,1.1207,-12.2663,-17.5685,-14.4075,-2.6779,1.837,-0.1699
CSQ,53,0.0,-1.1127,24.1484,11.6779,12.4126,-2.1508,0.4294,1.1127,0.065
VYX,94,0.0,-1.8214,-26.7107,-39.1007,-28.9343,-6.1029,3.0279,1.8214,0.0444
AXON,101,0.0,-1.3988,43.9467,45.8981,35.7393,1.5561,3.0645,1.3988,-0.0523
GOCO,137,0.0,-1.5032,-32.652,-18.205,-6.2728,18.5214,4.033,1.5032,0.0038
GLDD,83,0.0,-1.4025,64.5683,4.0956,32.2254,7.2131,-0.2361,1.4025,0.0106
GCT,27,0.0,,700.4057,190.5744,234.4068,15.7375,-29.8828,,-0.0544
MERC,109,0.0,-1.4603,-9.3917,5.1542,1.3515,-7.139,-0.498,1.4603,-0.1782
SGI,62,0.0,-1.4906,28.8103,16.8855,28.5813,1.4794,3.7988,1.4906,-0.102
ONEW,8,0.0,-1.7856,-5.9835,-1.7596,-5.0308,-2.4771,-4.1844,1.7856,-0.0063
DJT,34,0.0,,169.2946,135.857,122.7689,-32.5116,11.0191,,-0.3851
EVLV,35,0.0,-1.5035,31.0231,-42.7954,-7.243,-27.33,-41.5966,1.5035,-0.5232
CECO,112,0.0,-1.5504,49.549,66.1417,18.1772,0.9479,-1.6807,1.5504,0.2175
CRON,0,0.0,-1.5865,-2.8846,2.5381,-3.8095,-31.1881,-0.3788,1.5865,-0.1434
BHF,72,0.0,-1.6203,-20.1246,-9.7556,-12.26,-9.922,-2.5258,1.6203,-0.1352
NVRI,42,0.0,-1.6638,-2.8235,9.1149,30.2839,-5.6901,-1.986,1.6638,-0.0126
GAB,71,-3.668266196298952e-05,-0.9729,5.3963,6.9215,10.7182,-0.0885,2.0036,0.9729,0.0034
UPWK,45,-8.200032154672776e-05,-1.7099,14.7959,-9.7594,-5.4622,10.1481,0.1646,1.7099,-0.1146
ECC           ,145,-0.00019887277812194457,-0.8009,6.0439,7.6579,11.8367,-1.8038,-0.995,0.8009,0.0416
OXLCN,71,-0.0002803419362982992,,10.1102,5.7044,2.3432,-0.2045,0.0854,,0.0493
WYNN,65,-0.00033147061738686754,-1.3345,-9.8437,0.1038,19.1425,-4.0016,-4.653,1.3345,-0.1777
ETV,70,-0.00043033255237497585,-0.9214,9.2993,7.1083,7.4814,0.6562,0.8462,0.9214,0.0812
CRDL,14,-0.00045973561014513544,-2.0794,273.3334,96.0,110.7527,7.6531,0.5495,2.0794,0.0829
MTH,63,-0.0005628690008547703,-1.5704,49.9885,13.5022,8.7962,-2.6389,2.2774,1.5704,-0.0479
PPL,46,-0.0006645242165662308,-0.9831,0.0094,7.6031,-0.3759,-6.1462,-3.3083,0.9831,0.007
AFCG,123,-0.0007322274504085094,-1.1781,-12.6769,-6.0363,2.5217,-8.3958,4.7506,1.1781,0.053
ZEUS,81,-0.0008111354617677792,-1.1562,20.2557,21.8086,17.7837,-3.5015,-2.2724,1.1562,-0.3742
WABC,73,-0.0008940540180117799,-1.1172,-12.4001,3.8797,-11.2152,-2.7133,-0.127,1.1172,0.036
SLRC,54,-0.0009838809560447867,-0.8991,8.1699,2.7731,1.203,-3.4295,0.3947,0.8991,0.0814
ELV,78,-0.001055335742397035,-1.0344,7.8405,13.5473,3.6272,-0.3461,3.4839,1.0344,0.0768
WASH,73,-0.0011208385002848596,-1.4821,-34.1275,-6.9967,-9.2524,-2.8739,-0.646,1.4821,0.0626
OMF,55,-0.0012086616047220274,-1.331,24.1931,20.7815,14.8261,-1.6218,-0.304,1.331,0.0084
CNX,95,-0.00130380268259273,-0.6904,31.9775,-6.9696,0.0949,-13.3238,-4.1848,0.6904,0.0293
SAIC,45,-0.0013635615651469578,-1.1525,31.5483,19.038,17.7602,8.8204,-0.7376,1.1525,-0.0903
INSM,19,-0.0014393060326100683,-1.3155,40.0899,23.9399,5.8069,6.2723,2.6647,1.3155,1.4525
SATL,121,-0.0015173018152715688,-1.3469,-49.8316,-3.871,15.5039,-6.7114,5.3571,1.3469,-0.3453
IVVD,14,-0.0015757686136450427,,131.25,122.4044,164.2857,6.3882,-4.0984,,-0.7113
UEC,103,-0.0016673864359879722,-1.5159,91.1846,57.7273,6.1162,-4.0346,-6.647,1.5159,-0.1884
NODK,118,-0.00177247378028053,-0.8888,5.4235,11.2069,9.0699,-4.3693,-0.4068,0.8888,0.0128
DMLP,95,-0.0018511918638983082,-0.9085,10.6044,15.7337,10.0929,-13.763,-5.4005,0.9085,-0.0803
TEO,139,-0.0019207291474463044,-1.1349,50.4486,29.0493,-10.7186,-5.3206,0.3871,1.1349,-0.1062
AR,95,-0.002004107175347752,-1.0918,-1.9667,-8.0525,8.5427,-13.8503,-8.0161,1.0918,0.1135
EEX,123,-0.0020735140034773515,-1.2938,47.1649,31.5668,9.387,-9.8074,3.8344,1.2938,-0.1292
GNL,124,-0.0021477802959422865,-1.5908,-40.5728,-27.7245,-18.8774,-0.8219,-0.4093,1.5908,0.0501
OGI,19,-0.002208242294832441,-2.0805,-25.7221,40.2597,61.194,5.5556,23.8806,2.0805,-0.2696
BFIN,131,-0.002328947838554127,-0.9139,0.1882,14.5168,10.5869,-4.1414,-0.3895,0.9139,-0.0007
ASBA,73,-0.0023946040734047725,,,8.8605,3.58,-4.1477,-0.1754,,0.0117
PDS,95,-0.002473097696964425,-1.2857,4.6941,-9.347,6.9413,-14.4221,-7.1873,1.2857,-0.0105
AGM,53,-0.0025520910798842644,-1.2753,28.4539,7.6702,8.049,-4.6972,0.9,1.2753,-0.0224
MSA,67,-0.0026320034061189986,-1.1723,37.0531,-0.522,4.0556,-4.2179,1.5992,1.1723,-0.0291
VTMX,123,-0.0027062744947390217,,,-1.9366,-3.6945,-10.3718,-3.5948,,-0.2491
ICCM,79,-0.002785494256179023,,13.3929,15.4545,23.301,-5.5118,-13.5593,,-0.447
RCC,124,-0.0028928185272047054,-0.4377,7.1894,5.8164,2.5563,-1.4553,-0.4942,0.4377,0.0033
WK,33,-0.002933496386356143,-1.4242,-4.3731,-22.5403,-14.1739,4.8421,1.5846,1.4242,-0.1166
INBK,73,-0.003013528616468081,-1.6764,19.8212,58.2057,37.762,-4.755,1.2364,1.6764,-0.1443
AHCO,80,-0.0030960289479883933,-1.4788,-32.129,-10.7718,19.1393,-2.5665,4.344,1.4788,-0.0834
BNL,124,-0.0031904678687541877,-1.0886,-10.6907,-3.6074,-6.7504,-1.7782,-1.1078,1.0886,0.0701
CXW,124,-0.003269234873153866,-1.1,53.9014,36.2727,3.8808,-1.8012,2.492,1.1,-0.1114
HSBC,131,-0.003356967809875374,-0.9214,9.6226,5.2077,0.8277,-5.0217,0.9572,0.9214,0.1607
SLB,99,-0.003425424999297515,-1.1644,-8.9487,-16.7016,-4.8087,-10.8004,-1.1282,1.1644,-0.1407
NTRA,78,-0.0034959100030909343,-1.4296,58.3319,43.0102,52.9422,-2.7961,-2.1222,1.4296,0.2044
UBS,73,-0.0035783451069020477,-1.2889,38.4437,9.9089,0.9414,-5.3541,2.0867,1.2889,0.0101
SLMBP,55,-0.0036763581224395483,-0.7837,25.0255,23.9289,9.9893,-4.1961,0.3444,0.7837,0.0404
RGNX,14,-0.003711335271653184,-1.777,-9.983,16.8781,7.7275,4.2473,6.3682,1.777,-0.4702
WMB,92,-0.003831668633740027,-0.9119,26.4368,7.6684,-1.1246,-9.3894,-3.1767,0.9119,0.0888
GFR,95,-0.0039023886491327668,,-48.4937,-48.9403,-12.1061,-16.2264,-3.01,,0.1851
JSM,70,-0.003989541251088608,-0.9238,19.1823,14.2631,10.1427,-3.2995,0.2357,0.9238,-0.0802
GAME,133,-0.004068233435468909,-0.9624,-77.3256,-39.838,-7.6923,-2.5641,-22.1374,0.9624,-0.1875
NU,55,-0.00414564504644067,,141.3276,58.5091,35.7831,-5.2351,3.0253,,0.0413
CRESY,123,-0.004207296491792691,-1.3558,20.2084,6.1928,-7.6219,-12.4841,-2.6744,1.3558,-0.06
TSM,132,-0.004281142641071904,-1.3468,53.322,45.1113,36.5104,-5.1452,-0.9939,1.3468,0.257
LCNB,73,-0.004375229524054225,-1.0827,-17.3426,-4.7791,-5.49,-6.8493,-1.0225,1.0827,-0.0925
AGRO,52,-0.004455284775710586,-1.2376,28.981,-12.7457,-10.0,-9.2262,-1.9444,1.2376,-0.0925
DVN,95,-0.004533871444678948,-1.1362,-15.4071,-13.7982,0.0147,-17.3768,-5.8004,1.1362,-0.0675
AGCO,66,-0.004602250936388661,-1.3049,-18.5162,-16.2822,-5.6449,-10.0036,-3.3073,1.3049,-0.1896
JPM,73,-0.004693063004676777,-1.0322,35.0975,27.9173,18.868,-7.3237,-1.5992,1.0322,0.0563
SBRA,124,-0.004773649670316909,-1.0441,27.5864,12.9331,-2.5255,-4.3603,-2.0266,1.0441,0.0813
LYFT,123,-0.004814503068744574,-2.2438,67.1779,32.4959,24.4292,-13.6391,5.349,2.2438,-0.2788
ACET,19,-0.004908021127733438,-1.714,-68.2119,21.2121,95.122,1.6667,-5.3571,1.714,-0.5339
UTHR,19,-0.005013225498210146,-0.8067,-5.246,1.697,-3.6597,1.4402,7.7786,0.8067,0.387
PCTY,33,-0.005063106219744772,-1.6312,-11.0713,-17.2245,5.5041,1.3102,2.865,1.6312,-0.2057
EVH,102,-0.005154146585015088,-1.3919,-2.1053,31.9402,18.9423,11.857,5.6022,1.3919,-0.3653
BILL,45,-0.005218805219607394,-1.8619,-24.9801,-43.3405,-3.1273,3.2434,3.8988,1.8619,-0.1613
BMRN,19,-0.00532685754697546,-0.9022,-12.9644,-6.3313,-5.713,0.3902,1.0713,0.9022,-0.0528
MTG,118,-0.005404719996525508,-1.1017,47.9028,12.9477,12.4633,-10.2422,-0.506,1.1017,0.0059
SLNHP,45,-0.005469193979146919,,-12.6866,95.0,-6.25,2.735,-1.9713,,0.9965
XYZ,33,-0.005522744238939506,-2.1501,1.5505,36.2386,21.8481,0.0505,5.4773,2.1501,-0.1847
IKT,14,-0.005622951975045355,-1.3136,-50.2315,9.1371,132.684,-0.0,6.1135,1.3136,-0.4372
NNI,55,-0.005727546274594848,-0.9673,-4.2512,-7.2002,0.272,-9.3801,-1.0153,0.9673,0.1021
CROX,134,-0.0057553128842489235,-2.0375,-0.4308,24.985,17.1265,-13.5005,-1.1496,2.0375,0.027
DSGR,67,-0.005872040496940479,-1.2717,40.3032,24.7987,18.2755,-12.5484,-0.201,1.2717,-0.1574
BMA,30,-0.005942385453005323,-1.4355,130.8173,57.5624,45.5022,-19.6347,7.1471,1.4355,0.1954
CMG,127,-0.006037154349241183,-1.1669,79.819,38.6963,20.3664,-7.9278,1.8132,1.1669,0.0579
HCA,64,-0.006117314157078466,-1.0863,29.1636,11.6092,23.9077,-5.7846,-0.5005,1.0863,-0.0274
GEO,63,-0.006193444235410666,-1.0552,36.6102,63.1579,17.9512,-15.0538,4.2011,1.0552,0.0992
OKLO,46,-0.006280003073366591,,5.2475,2.8046,2.4085,-18.5325,-14.0272,,-0.3627
CSTM,81,-0.006338756681814338,-1.4701,17.7576,7.3481,8.7906,-15.6974,-7.5084,1.4701,-0.1575
NL,74,-0.006426611440875088,-1.1712,-25.6269,3.1675,-0.5791,-59.5988,-12.9707,1.1712,-0.2832
SA,114,-0.006502389481423816,-1.3355,4.2705,1.913,-7.3518,-38.2253,-23.3816,1.3355,-0.1562
SPRO,19,-0.006591181409188794,-0.9438,14.1892,11.1842,44.4445,-6.5089,-4.0462,0.9438,-0.275
ARBE,45,-0.006672461598854674,-0.8213,-58.9247,-30.292,-3.5354,-4.712,8.4668,0.8213,0.01
PLG,114,-0.00674200271932674,-1.2546,-28.169,-19.0476,-14.2857,-39.2157,-25.6637,1.2546,0.2113
CGNT,33,-0.006805370228969311,-1.5557,101.8667,58.3682,43.6433,-8.0581,-4.2038,1.5557,-0.0452
HOOD,70,-0.006916058523173837,,72.3493,49.2349,77.897,-15.8022,0.4149,,0.1698
MMM,79,-0.006977532510787597,-1.2912,-11.067,-11.3087,-6.4739,-20.8759,-8.1912,1.2912,0.1022
KC,33,-0.007023993573744355,-2.2042,-32.5472,-50.3472,-34.5538,-11.5385,-6.3333,2.2042,-0.232
HROW,19,-0.007128308737067716,-1.5185,-40.9703,-29.3092,17.6155,-13.0594,1.5898,1.5185,0.6842
BBAR,30,-0.00720792082399393,-1.435,39.0802,17.5569,16.0584,-28.9744,2.8846,1.435,0.1476
VCEL,14,-0.007276526694223804,-1.5715,47.8994,31.9658,25.5194,-14.65,-3.4302,1.5715,-0.1208
ATMU,10,-0.007354859166972493,,,2.9652,5.737,-38.7312,-6.9842,,-0.1603
EH,3,-0.007438083717911118,-1.6834,-4.7498,-42.3807,-38.5331,-58.504,-2.2988,1.6834,-0.2264
BWMX,27,-0.007523119297011041,-1.0915,95.3955,6.2426,33.3814,-8.8034,-4.2306,1.0915,-0.2756
BE,66,-0.007587083448346579,-2.027,-58.1181,-40.1055,-40.9623,-29.4053,-8.7963,2.027,-0.0791
GHM,66,-0.007692690695850693,-1.1057,63.9696,46.6296,25.9161,-29.4391,-15.246,1.1057,-0.074
IHS,139,-0.007770439956140661,,-63.3377,-63.2895,-41.5094,-29.7491,5.7292,,-0.1823
CDLX,34,-0.0077990379684736285,-3.9524,72.6337,-51.2776,-1.2941,-62.6937,-0.3676,3.9524,-0.4264
BEAT,79,-0.007847578186272396,,-51.2346,-29.148,7.483,-32.2785,4.1284,,0.4115
VTOL,143,-0.008014789876808667,-1.1031,-3.2979,-2.398,3.7671,2.2002,-2.4981,1.1031,0.246
CELU,19,-0.008079150190554487,-1.4594,-50.5405,1.6667,59.1304,-36.612,0.5964,1.4594,-0.379
ROOT,118,-0.008133533542485893,-2.4748,709.7309,231.4407,270.7109,-58.7318,-6.3469,2.4748,-0.1339
AIOT,139,-0.008229318264369428,-1.7957,16.9118,35.8974,35.8974,-61.0063,-6.8894,1.7957,-0.1133
NUVB,19,-0.008314769190499985,-1.5173,18.617,35.9756,67.6692,-54.7085,-19.7917,1.5173,-0.1362
MAIA,19,-0.008399061365561239,,-70.1923,-24.5946,41.0516,-68.4588,3.6885,,0.4255
ELTX,19,-0.008457129123831376,-2.0674,-32.0786,-47.4684,-29.5416,-78.7952,-4.507,2.0674,-0.5431
VELO,66,-0.008519864064906417,-2.7673,-91.0954,-84.0506,-74.7242,-121.0317,3.7997,2.7673,-0.8287
CRDF,14,-0.008536124949117362,-1.9491,68.2081,57.2973,130.9524,-84.5361,0.3711,1.9491,-0.6127
ATOS,19,-0.008553142142697109,-1.4795,38.8889,25.0,31.5789,-84.0,-2.2222,1.4795,-0.3696
LSF,107,-0.00856244912593431,-1.474,-25.5455,-19.7059,-17.7711,-227.2283,4.6263,1.474,0.847
